Date,Type,Description,Value,USD
2011-06-30,GDP Constant,PFCE,12.366,44.72
2011-06-30,GDP Constant,GFCE,2.042,44.72
2011-06-30,GDP Constant,GFCF,6.97,44.72
2011-06-30,GDP Constant,CIS,0.525,44.72
2011-06-30,GDP Constant,Valuables,0.599,44.72
2011-06-30,GDP Constant,Exports,5.069,44.72
2011-06-30,GDP Constant,Imports,-6.438,44.72
2011-06-30,GDP Constant,Discrepancies,-0.104,44.72
2011-06-30,GDP Constant,GDP,21.029,44.72
2011-06-30,GDP Current,PFCE,11.964,44.72
2011-06-30,GDP Current,GFCE,1.955,44.72
2011-06-30,GDP Current,GFCF,6.821,44.72
2011-06-30,GDP Current,CIS,0.518,44.72
2011-06-30,GDP Current,Valuables,0.553,44.72
2011-06-30,GDP Current,Exports,4.931,44.72
2011-06-30,GDP Current,Imports,-6.262,44.72
2011-06-30,GDP Current,Discrepancies ,-0.044,44.72
2011-06-30,GDP Current,GDP,20.435,44.72
2011-06-30,GVA Constant,Agriculture,3.361,44.72
2011-06-30,GVA Constant,Mining,0.679,44.72
2011-06-30,GVA Constant,Manufacturing,3.56,44.72
2011-06-30,GVA Constant,Electricity & Utilities,0.463,44.72
2011-06-30,GVA Constant,Construction,1.868,44.72
2011-06-30,GVA Constant,"Trade Hotal, Comm",3.387,44.72
2011-06-30,GVA Constant,Financial Services,4.045,44.72
2011-06-30,GVA Constant,Defense Etc,2.329,44.72
2011-06-30,GVA Constant,GVA,19.691,44.72
2011-06-30,GVA Constant,Net Taxes,1.337,44.72
2011-06-30,GVA Current,Agriculture,3.232,44.72
2011-06-30,GVA Current,Mining,0.647,44.72
2011-06-30,GVA Current,Manufacturing,3.509,44.72
2011-06-30,GVA Current,Electricity & Utilities,0.447,44.72
2011-06-30,GVA Current,Construction,1.822,44.72
2011-06-30,GVA Current,"Trade Hotal, Comm",3.301,44.72
2011-06-30,GVA Current,Financial Services,3.951,44.72
2011-06-30,GVA Current,Defense Etc,2.257,44.72
2011-06-30,GVA Current,GVA,19.165,44.72
2011-06-30,GVA Current,Net Taxes,1.27,44.72
2011-09-30,GDP Constant,PFCE,11.273,48.93
2011-09-30,GDP Constant,GFCE,2.571,48.93
2011-09-30,GDP Constant,GFCF,7.277,48.93
2011-09-30,GDP Constant,CIS,0.491,48.93
2011-09-30,GDP Constant,Valuables,0.654,48.93
2011-09-30,GDP Constant,Exports,5.072,48.93
2011-09-30,GDP Constant,Imports,-6.406,48.93
2011-09-30,GDP Constant,Discrepancies,-0.504,48.93
2011-09-30,GDP Constant,GDP,20.429,48.93
2011-09-30,GDP Current,PFCE,11.195,48.93
2011-09-30,GDP Current,GFCE,2.559,48.93
2011-09-30,GDP Current,GFCF,7.227,48.93
2011-09-30,GDP Current,CIS,0.487,48.93
2011-09-30,GDP Current,Valuables,0.653,48.93
2011-09-30,GDP Current,Exports,5.039,48.93
2011-09-30,GDP Current,Imports,-6.369,48.93
2011-09-30,GDP Current,Discrepancies ,-0.495,48.93
2011-09-30,GDP Current,GDP,20.295,48.93
2011-09-30,GVA Constant,Agriculture,2.691,48.93
2011-09-30,GVA Constant,Mining,0.57,48.93
2011-09-30,GVA Constant,Manufacturing,3.331,48.93
2011-09-30,GVA Constant,Electricity & Utilities,0.465,48.93
2011-09-30,GVA Constant,Construction,1.907,48.93
2011-09-30,GVA Constant,"Trade Hotal, Comm",3.405,48.93
2011-09-30,GVA Constant,Financial Services,4.106,48.93
2011-09-30,GVA Constant,Defense Etc,2.658,48.93
2011-09-30,GVA Constant,GVA,19.132,48.93
2011-09-30,GVA Constant,Net Taxes,1.297,48.93
2011-09-30,GVA Current,Agriculture,2.702,48.93
2011-09-30,GVA Current,Mining,0.555,48.93
2011-09-30,GVA Current,Manufacturing,3.299,48.93
2011-09-30,GVA Current,Electricity & Utilities,0.466,48.93
2011-09-30,GVA Current,Construction,1.891,48.93
2011-09-30,GVA Current,"Trade Hotal, Comm",3.376,48.93
2011-09-30,GVA Current,Financial Services,4.077,48.93
2011-09-30,GVA Current,Defense Etc,2.637,48.93
2011-09-30,GVA Current,GVA,19.003,48.93
2011-09-30,GVA Current,Net Taxes,1.292,48.93
2011-12-31,GDP Constant,PFCE,12.649,53.27
2011-12-31,GDP Constant,GFCE,2.204,53.27
2011-12-31,GDP Constant,GFCF,7.522,53.27
2011-12-31,GDP Constant,CIS,0.492,53.27
2011-12-31,GDP Constant,Valuables,0.605,53.27
2011-12-31,GDP Constant,Exports,5.535,53.27
2011-12-31,GDP Constant,Imports,-7.139,53.27
2011-12-31,GDP Constant,Discrepancies,0.383,53.27
2011-12-31,GDP Constant,GDP,22.251,53.27
2011-12-31,GDP Current,PFCE,12.814,53.27
2011-12-31,GDP Current,GFCE,2.234,53.27
2011-12-31,GDP Current,GFCF,7.569,53.27
2011-12-31,GDP Current,CIS,0.494,53.27
2011-12-31,GDP Current,Valuables,0.62,53.27
2011-12-31,GDP Current,Exports,5.58,53.27
2011-12-31,GDP Current,Imports,-7.198,53.27
2011-12-31,GDP Current,Discrepancies ,0.336,53.27
2011-12-31,GDP Current,GDP,22.449,53.27
2011-12-31,GVA Constant,Agriculture,5.01,53.27
2011-12-31,GVA Constant,Mining,0.648,53.27
2011-12-31,GVA Constant,Manufacturing,3.337,53.27
2011-12-31,GVA Constant,Electricity & Utilities,0.466,53.27
2011-12-31,GVA Constant,Construction,1.957,53.27
2011-12-31,GVA Constant,"Trade Hotal, Comm",3.49,53.27
2011-12-31,GVA Constant,Financial Services,3.403,53.27
2011-12-31,GVA Constant,Defense Etc,2.428,53.27
2011-12-31,GVA Constant,GVA,20.739,53.27
2011-12-31,GVA Constant,Net Taxes,1.512,53.27
2011-12-31,GVA Current,Agriculture,5.055,53.27
2011-12-31,GVA Current,Mining,0.658,53.27
2011-12-31,GVA Current,Manufacturing,3.347,53.27
2011-12-31,GVA Current,Electricity & Utilities,0.48,53.27
2011-12-31,GVA Current,Construction,1.971,53.27
2011-12-31,GVA Current,"Trade Hotal, Comm",3.516,53.27
2011-12-31,GVA Current,Financial Services,3.431,53.27
2011-12-31,GVA Current,Defense Etc,2.454,53.27
2011-12-31,GVA Current,GVA,20.912,53.27
2011-12-31,GVA Current,Net Taxes,1.537,53.27
2012-03-31,GDP Constant,PFCE,12.816,51.16
2012-03-31,GDP Constant,GFCE,2.867,51.16
2012-03-31,GDP Constant,GFCF,8.209,51.16
2012-03-31,GDP Constant,CIS,0.571,51.16
2012-03-31,GDP Constant,Valuables,0.672,51.16
2012-03-31,GDP Constant,Exports,5.764,51.16
2012-03-31,GDP Constant,Imports,-7.172,51.16
2012-03-31,GDP Constant,Discrepancies,-0.072,51.16
2012-03-31,GDP Constant,GDP,23.655,51.16
2012-03-31,GDP Current,PFCE,13.132,51.16
2012-03-31,GDP Current,GFCE,2.936,51.16
2012-03-31,GDP Current,GFCF,8.36,51.16
2012-03-31,GDP Current,CIS,0.582,51.16
2012-03-31,GDP Current,Valuables,0.704,51.16
2012-03-31,GDP Current,Exports,5.889,51.16
2012-03-31,GDP Current,Imports,-7.326,51.16
2012-03-31,GDP Current,Discrepancies ,-0.093,51.16
2012-03-31,GDP Current,GDP,24.185,51.16
2012-03-31,GVA Constant,Agriculture,3.958,51.16
2012-03-31,GVA Constant,Mining,0.713,51.16
2012-03-31,GVA Constant,Manufacturing,3.872,51.16
2012-03-31,GVA Constant,Electricity & Utilities,0.473,51.16
2012-03-31,GVA Constant,Construction,2.041,51.16
2012-03-31,GVA Constant,"Trade Hotal, Comm",3.85,51.16
2012-03-31,GVA Constant,Financial Services,3.754,51.16
2012-03-31,GVA Constant,Defense Etc,2.846,51.16
2012-03-31,GVA Constant,GVA,21.507,51.16
2012-03-31,GVA Constant,Net Taxes,2.147,51.16
2012-03-31,GVA Current,Agriculture,4.029,51.16
2012-03-31,GVA Current,Mining,0.751,51.16
2012-03-31,GVA Current,Manufacturing,3.945,51.16
2012-03-31,GVA Current,Electricity & Utilities,0.474,51.16
2012-03-31,GVA Current,Construction,2.089,51.16
2012-03-31,GVA Current,"Trade Hotal, Comm",3.938,51.16
2012-03-31,GVA Current,Financial Services,3.851,51.16
2012-03-31,GVA Current,Defense Etc,2.913,51.16
2012-03-31,GVA Current,GVA,21.99,51.16
2012-03-31,GVA Current,Net Taxes,2.195,51.16
2012-06-30,GDP Constant,PFCE,12.252,56.31
2012-06-30,GDP Constant,GFCE,2.288,56.31
2012-06-30,GDP Constant,GFCF,7.637,56.31
2012-06-30,GDP Constant,CIS,0.486,56.31
2012-06-30,GDP Constant,Valuables,0.698,56.31
2012-06-30,GDP Constant,Exports,5.328,56.31
2012-06-30,GDP Constant,Imports,-6.777,56.31
2012-06-30,GDP Constant,Discrepancies,0.142,56.31
2012-06-30,GDP Constant,GDP,22.052,56.31
2012-06-30,GDP Current,PFCE,12.883,56.31
2012-06-30,GDP Current,GFCE,2.407,56.31
2012-06-30,GDP Current,GFCF,7.957,56.31
2012-06-30,GDP Current,CIS,0.511,56.31
2012-06-30,GDP Current,Valuables,0.686,56.31
2012-06-30,GDP Current,Exports,5.557,56.31
2012-06-30,GDP Current,Imports,-7.159,56.31
2012-06-30,GDP Current,Discrepancies ,0.29,56.31
2012-06-30,GDP Current,GDP,23.132,56.31
2012-06-30,GVA Constant,Agriculture,3.412,56.31
2012-06-30,GVA Constant,Mining,0.708,56.31
2012-06-30,GVA Constant,Manufacturing,3.583,56.31
2012-06-30,GVA Constant,Electricity & Utilities,0.485,56.31
2012-06-30,GVA Constant,Construction,1.899,56.31
2012-06-30,GVA Constant,"Trade Hotal, Comm",3.741,56.31
2012-06-30,GVA Constant,Financial Services,4.425,56.31
2012-06-30,GVA Constant,Defense Etc,2.493,56.31
2012-06-30,GVA Constant,GVA,20.746,56.31
2012-06-30,GVA Constant,Net Taxes,1.306,56.31
2012-06-30,GVA Current,Agriculture,3.601,56.31
2012-06-30,GVA Current,Mining,0.758,56.31
2012-06-30,GVA Current,Manufacturing,3.746,56.31
2012-06-30,GVA Current,Electricity & Utilities,0.543,56.31
2012-06-30,GVA Current,Construction,2.032,56.31
2012-06-30,GVA Current,"Trade Hotal, Comm",3.943,56.31
2012-06-30,GVA Current,Financial Services,4.611,56.31
2012-06-30,GVA Current,Defense Etc,2.64,56.31
2012-06-30,GVA Current,GVA,21.874,56.31
2012-06-30,GVA Current,Net Taxes,1.258,56.31
2012-09-30,GDP Constant,PFCE,12.25,52.78
2012-09-30,GDP Constant,GFCE,2.862,52.78
2012-09-30,GDP Constant,GFCF,7.672,52.78
2012-09-30,GDP Constant,CIS,0.507,52.78
2012-09-30,GDP Constant,Valuables,0.646,52.78
2012-09-30,GDP Constant,Exports,6.523,52.78
2012-09-30,GDP Constant,Imports,-7.454,52.78
2012-09-30,GDP Constant,Discrepancies,-1.045,52.78
2012-09-30,GDP Constant,GDP,21.959,52.78
2012-09-30,GDP Current,PFCE,13.232,52.78
2012-09-30,GDP Current,GFCE,3.109,52.78
2012-09-30,GDP Current,GFCF,8.097,52.78
2012-09-30,GDP Current,CIS,0.54,52.78
2012-09-30,GDP Current,Valuables,0.675,52.78
2012-09-30,GDP Current,Exports,6.943,52.78
2012-09-30,GDP Current,Imports,-8.04,52.78
2012-09-30,GDP Current,Discrepancies ,-0.986,52.78
2012-09-30,GDP Current,GDP,23.57,52.78
2012-09-30,GVA Constant,Agriculture,2.744,52.78
2012-09-30,GVA Constant,Mining,0.556,52.78
2012-09-30,GVA Constant,Manufacturing,3.74,52.78
2012-09-30,GVA Constant,Electricity & Utilities,0.473,52.78
2012-09-30,GVA Constant,Construction,1.861,52.78
2012-09-30,GVA Constant,"Trade Hotal, Comm",3.769,52.78
2012-09-30,GVA Constant,Financial Services,4.528,52.78
2012-09-30,GVA Constant,Defense Etc,2.808,52.78
2012-09-30,GVA Constant,GVA,20.479,52.78
2012-09-30,GVA Constant,Net Taxes,1.48,52.78
2012-09-30,GVA Current,Agriculture,3.03,52.78
2012-09-30,GVA Current,Mining,0.599,52.78
2012-09-30,GVA Current,Manufacturing,3.959,52.78
2012-09-30,GVA Current,Electricity & Utilities,0.525,52.78
2012-09-30,GVA Current,Construction,2.026,52.78
2012-09-30,GVA Current,"Trade Hotal, Comm",4.038,52.78
2012-09-30,GVA Current,Financial Services,4.799,52.78
2012-09-30,GVA Current,Defense Etc,3.046,52.78
2012-09-30,GVA Current,GVA,22.022,52.78
2012-09-30,GVA Current,Net Taxes,1.547,52.78
2012-12-31,GDP Constant,PFCE,13.774,54.78
2012-12-31,GDP Constant,GFCE,1.896,54.78
2012-12-31,GDP Constant,GFCF,7.693,54.78
2012-12-31,GDP Constant,CIS,0.482,54.78
2012-12-31,GDP Constant,Valuables,0.602,54.78
2012-12-31,GDP Constant,Exports,5.286,54.78
2012-12-31,GDP Constant,Imports,-7.36,54.78
2012-12-31,GDP Constant,Discrepancies,1.074,54.78
2012-12-31,GDP Constant,GDP,23.448,54.78
2012-12-31,GDP Current,PFCE,15.082,54.78
2012-12-31,GDP Current,GFCE,2.097,54.78
2012-12-31,GDP Current,GFCF,8.154,54.78
2012-12-31,GDP Current,CIS,0.515,54.78
2012-12-31,GDP Current,Valuables,0.699,54.78
2012-12-31,GDP Current,Exports,5.66,54.78
2012-12-31,GDP Current,Imports,-7.988,54.78
2012-12-31,GDP Current,Discrepancies ,1.263,54.78
2012-12-31,GDP Current,GDP,25.484,54.78
2012-12-31,GVA Constant,Agriculture,5.06,54.78
2012-12-31,GVA Constant,Mining,0.649,54.78
2012-12-31,GVA Constant,Manufacturing,3.558,54.78
2012-12-31,GVA Constant,Electricity & Utilities,0.48,54.78
2012-12-31,GVA Constant,Construction,1.941,54.78
2012-12-31,GVA Constant,"Trade Hotal, Comm",3.832,54.78
2012-12-31,GVA Constant,Financial Services,3.78,54.78
2012-12-31,GVA Constant,Defense Etc,2.476,54.78
2012-12-31,GVA Constant,GVA,21.775,54.78
2012-12-31,GVA Constant,Net Taxes,1.672,54.78
2012-12-31,GVA Current,Agriculture,5.576,54.78
2012-12-31,GVA Current,Mining,0.704,54.78
2012-12-31,GVA Current,Manufacturing,3.778,54.78
2012-12-31,GVA Current,Electricity & Utilities,0.545,54.78
2012-12-31,GVA Current,Construction,2.12,54.78
2012-12-31,GVA Current,"Trade Hotal, Comm",4.126,54.78
2012-12-31,GVA Current,Financial Services,4.005,54.78
2012-12-31,GVA Current,Defense Etc,2.716,54.78
2012-12-31,GVA Current,GVA,23.569,54.78
2012-12-31,GVA Current,Net Taxes,1.915,54.78
2013-03-31,GDP Constant,PFCE,13.516,54.33
2013-03-31,GDP Constant,GFCE,2.696,54.33
2013-03-31,GDP Constant,GFCF,8.455,54.33
2013-03-31,GDP Constant,CIS,0.541,54.33
2013-03-31,GDP Constant,Valuables,0.654,54.33
2013-03-31,GDP Constant,Exports,5.762,54.33
2013-03-31,GDP Constant,Imports,-7.199,54.33
2013-03-31,GDP Constant,Discrepancies,0.246,54.33
2013-03-31,GDP Constant,GDP,24.671,54.33
2013-03-31,GDP Current,PFCE,14.948,54.33
2013-03-31,GDP Current,GFCE,3.011,54.33
2013-03-31,GDP Current,GFCF,9.041,54.33
2013-03-31,GDP Current,CIS,0.579,54.33
2013-03-31,GDP Current,Valuables,0.678,54.33
2013-03-31,GDP Current,Exports,6.237,54.33
2013-03-31,GDP Current,Imports,-7.898,54.33
2013-03-31,GDP Current,Discrepancies ,0.658,54.33
2013-03-31,GDP Current,GDP,27.255,54.33
2013-03-31,GVA Constant,Agriculture,4.027,54.33
2013-03-31,GVA Constant,Mining,0.714,54.33
2013-03-31,GVA Constant,Manufacturing,3.988,54.33
2013-03-31,GVA Constant,Electricity & Utilities,0.479,54.33
2013-03-31,GVA Constant,Construction,2.1,54.33
2013-03-31,GVA Constant,"Trade Hotal, Comm",4.169,54.33
2013-03-31,GVA Constant,Financial Services,4.067,54.33
2013-03-31,GVA Constant,Defense Etc,2.919,54.33
2013-03-31,GVA Constant,GVA,22.463,54.33
2013-03-31,GVA Constant,Net Taxes,2.208,54.33
2013-03-31,GVA Current,Agriculture,4.545,54.33
2013-03-31,GVA Current,Mining,0.797,54.33
2013-03-31,GVA Current,Manufacturing,4.245,54.33
2013-03-31,GVA Current,Electricity & Utilities,0.541,54.33
2013-03-31,GVA Current,Construction,2.316,54.33
2013-03-31,GVA Current,"Trade Hotal, Comm",4.532,54.33
2013-03-31,GVA Current,Financial Services,4.352,54.33
2013-03-31,GVA Current,Defense Etc,3.234,54.33
2013-03-31,GVA Current,GVA,24.562,54.33
2013-03-31,GVA Current,Net Taxes,2.693,54.33
2013-06-30,GDP Constant,PFCE,13.214,59.15
2013-06-30,GDP Constant,GFCE,2.722,59.15
2013-06-30,GDP Constant,GFCF,7.855,59.15
2013-06-30,GDP Constant,CIS,0.318,59.15
2013-06-30,GDP Constant,Valuables,0.371,59.15
2013-06-30,GDP Constant,Exports,5.503,59.15
2013-06-30,GDP Constant,Imports,-6.574,59.15
2013-06-30,GDP Constant,Discrepancies,0.064,59.15
2013-06-30,GDP Constant,GDP,23.474,59.15
2013-06-30,GDP Current,PFCE,14.802,59.15
2013-06-30,GDP Current,GFCE,3.085,59.15
2013-06-30,GDP Current,GFCF,8.479,59.15
2013-06-30,GDP Current,CIS,0.349,59.15
2013-06-30,GDP Current,Valuables,0.382,59.15
2013-06-30,GDP Current,Exports,6.162,59.15
2013-06-30,GDP Current,Imports,-7.684,59.15
2013-06-30,GDP Current,Discrepancies ,0.079,59.15
2013-06-30,GDP Current,GDP,25.654,59.15
2013-06-30,GVA Constant,Agriculture,3.544,59.15
2013-06-30,GVA Constant,Mining,0.681,59.15
2013-06-30,GVA Constant,Manufacturing,3.831,59.15
2013-06-30,GVA Constant,Electricity & Utilities,0.495,59.15
2013-06-30,GVA Constant,Construction,1.987,59.15
2013-06-30,GVA Constant,"Trade Hotal, Comm",3.888,59.15
2013-06-30,GVA Constant,Financial Services,4.949,59.15
2013-06-30,GVA Constant,Defense Etc,2.687,59.15
2013-06-30,GVA Constant,GVA,22.062,59.15
2013-06-30,GVA Constant,Net Taxes,1.412,59.15
2013-06-30,GVA Current,Agriculture,4.077,59.15
2013-06-30,GVA Current,Mining,0.706,59.15
2013-06-30,GVA Current,Manufacturing,4.131,59.15
2013-06-30,GVA Current,Electricity & Utilities,0.629,59.15
2013-06-30,GVA Current,Construction,2.218,59.15
2013-06-30,GVA Current,"Trade Hotal, Comm",4.275,59.15
2013-06-30,GVA Current,Financial Services,5.34,59.15
2013-06-30,GVA Current,Defense Etc,3.037,59.15
2013-06-30,GVA Current,GVA,24.414,59.15
2013-06-30,GVA Current,Net Taxes,1.24,59.15
2013-09-30,GDP Constant,PFCE,12.992,62.78
2013-09-30,GDP Constant,GFCE,2.795,62.78
2013-09-30,GDP Constant,GFCF,7.797,62.78
2013-09-30,GDP Constant,CIS,0.322,62.78
2013-09-30,GDP Constant,Valuables,0.377,62.78
2013-09-30,GDP Constant,Exports,6.451,62.78
2013-09-30,GDP Constant,Imports,-6.846,62.78
2013-09-30,GDP Constant,Discrepancies,-0.318,62.78
2013-09-30,GDP Constant,GDP,23.571,62.78
2013-09-30,GDP Current,PFCE,15.156,62.78
2013-09-30,GDP Current,GFCE,3.313,62.78
2013-09-30,GDP Current,GFCF,8.559,62.78
2013-09-30,GDP Current,CIS,0.358,62.78
2013-09-30,GDP Current,Valuables,0.407,62.78
2013-09-30,GDP Current,Exports,7.474,62.78
2013-09-30,GDP Current,Imports,-8.277,62.78
2013-09-30,GDP Current,Discrepancies ,-0.128,62.78
2013-09-30,GDP Current,GDP,26.862,62.78
2013-09-30,GVA Constant,Agriculture,2.894,62.78
2013-09-30,GVA Constant,Mining,0.557,62.78
2013-09-30,GVA Constant,Manufacturing,3.876,62.78
2013-09-30,GVA Constant,Electricity & Utilities,0.501,62.78
2013-09-30,GVA Constant,Construction,1.945,62.78
2013-09-30,GVA Constant,"Trade Hotal, Comm",4.019,62.78
2013-09-30,GVA Constant,Financial Services,5.242,62.78
2013-09-30,GVA Constant,Defense Etc,2.906,62.78
2013-09-30,GVA Constant,GVA,21.939,62.78
2013-09-30,GVA Constant,Net Taxes,1.632,62.78
2013-09-30,GVA Current,Agriculture,3.508,62.78
2013-09-30,GVA Current,Mining,0.631,62.78
2013-09-30,GVA Current,Manufacturing,4.244,62.78
2013-09-30,GVA Current,Electricity & Utilities,0.651,62.78
2013-09-30,GVA Current,Construction,2.244,62.78
2013-09-30,GVA Current,"Trade Hotal, Comm",4.569,62.78
2013-09-30,GVA Current,Financial Services,5.857,62.78
2013-09-30,GVA Current,Defense Etc,3.414,62.78
2013-09-30,GVA Current,GVA,25.119,62.78
2013-09-30,GVA Current,Net Taxes,1.744,62.78
2013-12-31,GDP Constant,PFCE,14.732,61.9
2013-12-31,GDP Constant,GFCE,1.954,61.9
2013-12-31,GDP Constant,GFCF,7.876,61.9
2013-12-31,GDP Constant,CIS,0.314,61.9
2013-12-31,GDP Constant,Valuables,0.324,61.9
2013-12-31,GDP Constant,Exports,6.138,61.9
2013-12-31,GDP Constant,Imports,-6.325,61.9
2013-12-31,GDP Constant,Discrepancies,-0.032,61.9
2013-12-31,GDP Constant,GDP,24.98,61.9
2013-12-31,GDP Current,PFCE,17.527,61.9
2013-12-31,GDP Current,GFCE,2.37,61.9
2013-12-31,GDP Current,GFCF,8.756,61.9
2013-12-31,GDP Current,CIS,0.351,61.9
2013-12-31,GDP Current,Valuables,0.355,61.9
2013-12-31,GDP Current,Exports,7.27,61.9
2013-12-31,GDP Current,Imports,-7.838,61.9
2013-12-31,GDP Current,Discrepancies ,0.418,61.9
2013-12-31,GDP Current,GDP,29.211,61.9
2013-12-31,GVA Constant,Agriculture,5.394,61.9
2013-12-31,GVA Constant,Mining,0.644,61.9
2013-12-31,GVA Constant,Manufacturing,3.772,61.9
2013-12-31,GVA Constant,Electricity & Utilities,0.496,61.9
2013-12-31,GVA Constant,Construction,1.985,61.9
2013-12-31,GVA Constant,"Trade Hotal, Comm",4.18,61.9
2013-12-31,GVA Constant,Financial Services,4.098,61.9
2013-12-31,GVA Constant,Defense Etc,2.581,61.9
2013-12-31,GVA Constant,GVA,23.149,61.9
2013-12-31,GVA Constant,Net Taxes,1.831,61.9
2013-12-31,GVA Current,Agriculture,6.701,61.9
2013-12-31,GVA Current,Mining,0.746,61.9
2013-12-31,GVA Current,Manufacturing,4.162,61.9
2013-12-31,GVA Current,Electricity & Utilities,0.649,61.9
2013-12-31,GVA Current,Construction,2.317,61.9
2013-12-31,GVA Current,"Trade Hotal, Comm",4.809,61.9
2013-12-31,GVA Current,Financial Services,4.593,61.9
2013-12-31,GVA Current,Defense Etc,3.084,61.9
2013-12-31,GVA Current,GVA,27.061,61.9
2013-12-31,GVA Current,Net Taxes,2.149,61.9
2014-03-31,GDP Constant,PFCE,14.635,59.65
2014-03-31,GDP Constant,GFCE,2.328,59.65
2014-03-31,GDP Constant,GFCF,8.422,59.65
2014-03-31,GDP Constant,CIS,0.343,59.65
2014-03-31,GDP Constant,Valuables,0.416,59.65
2014-03-31,GDP Constant,Exports,6.59,59.65
2014-03-31,GDP Constant,Imports,-6.701,59.65
2014-03-31,GDP Constant,Discrepancies,-0.044,59.65
2014-03-31,GDP Constant,GDP,25.989,59.65
2014-03-31,GDP Current,PFCE,17.272,59.65
2014-03-31,GDP Current,GFCE,2.797,59.65
2014-03-31,GDP Current,GFCF,9.362,59.65
2014-03-31,GDP Current,CIS,0.388,59.65
2014-03-31,GDP Current,Valuables,0.473,59.65
2014-03-31,GDP Current,Exports,7.661,59.65
2014-03-31,GDP Current,Imports,-8.12,59.65
2014-03-31,GDP Current,Discrepancies ,0.776,59.65
2014-03-31,GDP Current,GDP,30.609,59.65
2014-03-31,GVA Constant,Agriculture,4.26,59.65
2014-03-31,GVA Constant,Mining,0.749,59.65
2014-03-31,GVA Constant,Manufacturing,4.129,59.65
2014-03-31,GVA Constant,Electricity & Utilities,0.504,59.65
2014-03-31,GVA Constant,Construction,2.091,59.65
2014-03-31,GVA Constant,"Trade Hotal, Comm",4.434,59.65
2014-03-31,GVA Constant,Financial Services,4.385,59.65
2014-03-31,GVA Constant,Defense Etc,2.934,59.65
2014-03-31,GVA Constant,GVA,23.486,59.65
2014-03-31,GVA Constant,Net Taxes,2.503,59.65
2014-03-31,GVA Current,Agriculture,4.977,59.65
2014-03-31,GVA Current,Mining,0.874,59.65
2014-03-31,GVA Current,Manufacturing,4.597,59.65
2014-03-31,GVA Current,Electricity & Utilities,0.672,59.65
2014-03-31,GVA Current,Construction,2.436,59.65
2014-03-31,GVA Current,"Trade Hotal, Comm",5.092,59.65
2014-03-31,GVA Current,Financial Services,4.905,59.65
2014-03-31,GVA Current,Defense Etc,3.484,59.65
2014-03-31,GVA Current,GVA,27.038,59.65
2014-03-31,GVA Current,Net Taxes,3.571,59.65
2014-06-30,GDP Constant,PFCE,14.172,60.09
2014-06-30,GDP Constant,GFCE,2.786,60.09
2014-06-30,GDP Constant,GFCF,8.086,60.09
2014-06-30,GDP Constant,CIS,0.689,60.09
2014-06-30,GDP Constant,Valuables,0.491,60.09
2014-06-30,GDP Constant,Exports,6.225,60.09
2014-06-30,GDP Constant,Imports,-6.632,60.09
2014-06-30,GDP Constant,Discrepancies,-0.458,60.09
2014-06-30,GDP Constant,GDP,25.358,60.09
2014-06-30,GDP Current,PFCE,17.157,60.09
2014-06-30,GDP Current,GFCE,3.37,60.09
2014-06-30,GDP Current,GFCF,9.289,60.09
2014-06-30,GDP Current,CIS,0.784,60.09
2014-06-30,GDP Current,Valuables,0.532,60.09
2014-06-30,GDP Current,Exports,7.069,60.09
2014-06-30,GDP Current,Imports,-8.006,60.09
2014-06-30,GDP Current,Discrepancies ,-1.052,60.09
2014-06-30,GDP Current,GDP,29.144,60.09
2014-06-30,GVA Constant,Agriculture,3.627,60.09
2014-06-30,GVA Constant,Mining,0.795,60.09
2014-06-30,GVA Constant,Manufacturing,4.222,60.09
2014-06-30,GVA Constant,Electricity & Utilities,0.539,60.09
2014-06-30,GVA Constant,Construction,2.096,60.09
2014-06-30,GVA Constant,"Trade Hotal, Comm",4.323,60.09
2014-06-30,GVA Constant,Financial Services,5.401,60.09
2014-06-30,GVA Constant,Defense Etc,2.77,60.09
2014-06-30,GVA Constant,GVA,23.772,60.09
2014-06-30,GVA Constant,Net Taxes,1.586,60.09
2014-06-30,GVA Current,Agriculture,4.61,60.09
2014-06-30,GVA Current,Mining,0.95,60.09
2014-06-30,GVA Current,Manufacturing,4.712,60.09
2014-06-30,GVA Current,Electricity & Utilities,0.697,60.09
2014-06-30,GVA Current,Construction,2.475,60.09
2014-06-30,GVA Current,"Trade Hotal, Comm",5.082,60.09
2014-06-30,GVA Current,Financial Services,6.208,60.09
2014-06-30,GVA Current,Defense Etc,3.346,60.09
2014-06-30,GVA Current,GVA,28.079,60.09
2014-06-30,GVA Current,Net Taxes,1.065,60.09
2014-09-30,GDP Constant,PFCE,14.128,61.61
2014-09-30,GDP Constant,GFCE,3.076,61.61
2014-09-30,GDP Constant,GFCF,8.156,61.61
2014-09-30,GDP Constant,CIS,0.691,61.61
2014-09-30,GDP Constant,Valuables,0.452,61.61
2014-09-30,GDP Constant,Exports,6.266,61.61
2014-09-30,GDP Constant,Imports,-6.817,61.61
2014-09-30,GDP Constant,Discrepancies,-0.33,61.61
2014-09-30,GDP Constant,GDP,25.622,61.61
2014-09-30,GDP Current,PFCE,17.583,61.61
2014-09-30,GDP Current,GFCE,3.845,61.61
2014-09-30,GDP Current,GFCF,9.44,61.61
2014-09-30,GDP Current,CIS,0.793,61.61
2014-09-30,GDP Current,Valuables,0.486,61.61
2014-09-30,GDP Current,Exports,7.271,61.61
2014-09-30,GDP Current,Imports,-8.408,61.61
2014-09-30,GDP Current,Discrepancies ,-0.47,61.61
2014-09-30,GDP Current,GDP,30.54,61.61
2014-09-30,GVA Constant,Agriculture,2.995,61.61
2014-09-30,GVA Constant,Mining,0.579,61.61
2014-09-30,GVA Constant,Manufacturing,4.238,61.61
2014-09-30,GVA Constant,Electricity & Utilities,0.549,61.61
2014-09-30,GVA Constant,Construction,2.049,61.61
2014-09-30,GVA Constant,"Trade Hotal, Comm",4.328,61.61
2014-09-30,GVA Constant,Financial Services,5.928,61.61
2014-09-30,GVA Constant,Defense Etc,3.128,61.61
2014-09-30,GVA Constant,GVA,23.794,61.61
2014-09-30,GVA Constant,Net Taxes,1.829,61.61
2014-09-30,GVA Current,Agriculture,4.043,61.61
2014-09-30,GVA Current,Mining,0.689,61.61
2014-09-30,GVA Current,Manufacturing,4.765,61.61
2014-09-30,GVA Current,Electricity & Utilities,0.716,61.61
2014-09-30,GVA Current,Construction,2.464,61.61
2014-09-30,GVA Current,"Trade Hotal, Comm",5.176,61.61
2014-09-30,GVA Current,Financial Services,6.951,61.61
2014-09-30,GVA Current,Defense Etc,3.901,61.61
2014-09-30,GVA Current,GVA,28.706,61.61
2014-09-30,GVA Current,Net Taxes,1.834,61.61
2014-12-31,GDP Constant,PFCE,15.046,63.33
2014-12-31,GDP Constant,GFCE,2.52,63.33
2014-12-31,GDP Constant,GFCF,7.936,63.33
2014-12-31,GDP Constant,CIS,0.636,63.33
2014-12-31,GDP Constant,Valuables,0.402,63.33
2014-12-31,GDP Constant,Exports,6.353,63.33
2014-12-31,GDP Constant,Imports,-6.806,63.33
2014-12-31,GDP Constant,Discrepancies,0.372,63.33
2014-12-31,GDP Constant,GDP,26.459,63.33
2014-12-31,GDP Current,PFCE,18.543,63.33
2014-12-31,GDP Current,GFCE,3.135,63.33
2014-12-31,GDP Current,GFCF,9.095,63.33
2014-12-31,GDP Current,CIS,0.724,63.33
2014-12-31,GDP Current,Valuables,0.458,63.33
2014-12-31,GDP Current,Exports,7.326,63.33
2014-12-31,GDP Current,Imports,-8.365,63.33
2014-12-31,GDP Current,Discrepancies ,0.932,63.33
2014-12-31,GDP Current,GDP,31.849,63.33
2014-12-31,GVA Constant,Agriculture,5.229,63.33
2014-12-31,GVA Constant,Mining,0.687,63.33
2014-12-31,GVA Constant,Manufacturing,3.898,63.33
2014-12-31,GVA Constant,Electricity & Utilities,0.532,63.33
2014-12-31,GVA Constant,Construction,2.066,63.33
2014-12-31,GVA Constant,"Trade Hotal, Comm",4.407,63.33
2014-12-31,GVA Constant,Financial Services,4.595,63.33
2014-12-31,GVA Constant,Defense Etc,3.157,63.33
2014-12-31,GVA Constant,GVA,24.57,63.33
2014-12-31,GVA Constant,Net Taxes,1.889,63.33
2014-12-31,GVA Current,Agriculture,6.889,63.33
2014-12-31,GVA Current,Mining,0.727,63.33
2014-12-31,GVA Current,Manufacturing,4.352,63.33
2014-12-31,GVA Current,Electricity & Utilities,0.707,63.33
2014-12-31,GVA Current,Construction,2.423,63.33
2014-12-31,GVA Current,"Trade Hotal, Comm",5.147,63.33
2014-12-31,GVA Current,Financial Services,5.208,63.33
2014-12-31,GVA Current,Defense Etc,3.95,63.33
2014-12-31,GVA Current,GVA,29.404,63.33
2014-12-31,GVA Current,Net Taxes,2.446,63.33
2015-03-31,GDP Constant,PFCE,15.781,62.59
2015-03-31,GDP Constant,GFCE,2.16,62.59
2015-03-31,GDP Constant,GFCF,8.603,62.59
2015-03-31,GDP Constant,CIS,0.731,62.59
2015-03-31,GDP Constant,Valuables,0.534,62.59
2015-03-31,GDP Constant,Exports,6.278,62.59
2015-03-31,GDP Constant,Imports,-6.421,62.59
2015-03-31,GDP Constant,Discrepancies,0.171,62.59
2015-03-31,GDP Constant,GDP,27.837,62.59
2015-03-31,GDP Current,PFCE,19.19,62.59
2015-03-31,GDP Current,GFCE,2.667,62.59
2015-03-31,GDP Current,GFCF,9.68,62.59
2015-03-31,GDP Current,CIS,0.825,62.59
2015-03-31,GDP Current,Valuables,0.618,62.59
2015-03-31,GDP Current,Exports,6.97,62.59
2015-03-31,GDP Current,Imports,-7.581,62.59
2015-03-31,GDP Current,Discrepancies ,0.777,62.59
2015-03-31,GDP Current,GDP,33.147,62.59
2015-03-31,GVA Constant,Agriculture,4.207,62.59
2015-03-31,GVA Constant,Mining,0.825,62.59
2015-03-31,GVA Constant,Manufacturing,4.482,62.59
2015-03-31,GVA Constant,Electricity & Utilities,0.52,62.59
2015-03-31,GVA Constant,Construction,2.142,62.59
2015-03-31,GVA Constant,"Trade Hotal, Comm",5.019,62.59
2015-03-31,GVA Constant,Financial Services,4.814,62.59
2015-03-31,GVA Constant,Defense Etc,2.977,62.59
2015-03-31,GVA Constant,GVA,24.986,62.59
2015-03-31,GVA Constant,Net Taxes,2.851,62.59
2015-03-31,GVA Current,Agriculture,5.394,62.59
2015-03-31,GVA Current,Mining,0.718,62.59
2015-03-31,GVA Current,Manufacturing,4.955,62.59
2015-03-31,GVA Current,Electricity & Utilities,0.703,62.59
2015-03-31,GVA Current,Construction,2.428,62.59
2015-03-31,GVA Current,"Trade Hotal, Comm",5.671,62.59
2015-03-31,GVA Current,Financial Services,5.266,62.59
2015-03-31,GVA Current,Defense Etc,3.718,62.59
2015-03-31,GVA Current,GVA,28.854,62.59
2015-03-31,GVA Current,Net Taxes,4.293,62.59
2015-06-30,GDP Constant,PFCE,15.179,63.75
2015-06-30,GDP Constant,GFCE,2.918,63.75
2015-06-30,GDP Constant,GFCF,8.383,63.75
2015-06-30,GDP Constant,CIS,0.587,63.75
2015-06-30,GDP Constant,Valuables,0.415,63.75
2015-06-30,GDP Constant,Exports,5.825,63.75
2015-06-30,GDP Constant,Imports,-6.249,63.75
2015-06-30,GDP Constant,Discrepancies,0.225,63.75
2015-06-30,GDP Constant,GDP,27.283,63.75
2015-06-30,GDP Current,PFCE,19.149,63.75
2015-06-30,GDP Current,GFCE,3.636,63.75
2015-06-30,GDP Current,GFCF,9.61,63.75
2015-06-30,GDP Current,CIS,0.649,63.75
2015-06-30,GDP Current,Valuables,0.462,63.75
2015-06-30,GDP Current,Exports,6.713,63.75
2015-06-30,GDP Current,Imports,-7.58,63.75
2015-06-30,GDP Current,Discrepancies ,-0.204,63.75
2015-06-30,GDP Current,GDP,32.435,63.75
2015-06-30,GVA Constant,Agriculture,3.713,63.75
2015-06-30,GVA Constant,Mining,0.872,63.75
2015-06-30,GVA Constant,Manufacturing,4.662,63.75
2015-06-30,GVA Constant,Electricity & Utilities,0.552,63.75
2015-06-30,GVA Constant,Construction,2.183,63.75
2015-06-30,GVA Constant,"Trade Hotal, Comm",4.752,63.75
2015-06-30,GVA Constant,Financial Services,5.95,63.75
2015-06-30,GVA Constant,Defense Etc,2.918,63.75
2015-06-30,GVA Constant,GVA,25.602,63.75
2015-06-30,GVA Constant,Net Taxes,1.681,63.75
2015-06-30,GVA Current,Agriculture,4.994,63.75
2015-06-30,GVA Current,Mining,0.903,63.75
2015-06-30,GVA Current,Manufacturing,5.308,63.75
2015-06-30,GVA Current,Electricity & Utilities,0.836,63.75
2015-06-30,GVA Current,Construction,2.533,63.75
2015-06-30,GVA Current,"Trade Hotal, Comm",5.537,63.75
2015-06-30,GVA Current,Financial Services,6.907,63.75
2015-06-30,GVA Current,Defense Etc,3.712,63.75
2015-06-30,GVA Current,GVA,30.729,63.75
2015-06-30,GVA Current,Net Taxes,1.707,63.75
2015-09-30,GDP Constant,PFCE,15.131,65.74
2015-09-30,GDP Constant,GFCE,3.353,65.74
2015-09-30,GDP Constant,GFCF,8.444,65.74
2015-09-30,GDP Constant,CIS,0.595,65.74
2015-09-30,GDP Constant,Valuables,0.485,65.74
2015-09-30,GDP Constant,Exports,5.969,65.74
2015-09-30,GDP Constant,Imports,-6.569,65.74
2015-09-30,GDP Constant,Discrepancies,0.273,65.74
2015-09-30,GDP Constant,GDP,27.681,65.74
2015-09-30,GDP Current,PFCE,19.304,65.74
2015-09-30,GDP Current,GFCE,4.257,65.74
2015-09-30,GDP Current,GFCF,9.603,65.74
2015-09-30,GDP Current,CIS,0.653,65.74
2015-09-30,GDP Current,Valuables,0.522,65.74
2015-09-30,GDP Current,Exports,6.871,65.74
2015-09-30,GDP Current,Imports,-7.953,65.74
2015-09-30,GDP Current,Discrepancies ,0.302,65.74
2015-09-30,GDP Current,GDP,33.559,65.74
2015-09-30,GVA Constant,Agriculture,3.078,65.74
2015-09-30,GVA Constant,Mining,0.635,65.74
2015-09-30,GVA Constant,Manufacturing,4.729,65.74
2015-09-30,GVA Constant,Electricity & Utilities,0.578,65.74
2015-09-30,GVA Constant,Construction,2.058,65.74
2015-09-30,GVA Constant,"Trade Hotal, Comm",4.677,65.74
2015-09-30,GVA Constant,Financial Services,6.7,65.74
2015-09-30,GVA Constant,Defense Etc,3.328,65.74
2015-09-30,GVA Constant,GVA,25.782,65.74
2015-09-30,GVA Constant,Net Taxes,1.899,65.74
2015-09-30,GVA Current,Agriculture,4.242,65.74
2015-09-30,GVA Current,Mining,0.611,65.74
2015-09-30,GVA Current,Manufacturing,5.341,65.74
2015-09-30,GVA Current,Electricity & Utilities,0.871,65.74
2015-09-30,GVA Current,Construction,2.371,65.74
2015-09-30,GVA Current,"Trade Hotal, Comm",5.419,65.74
2015-09-30,GVA Current,Financial Services,7.733,65.74
2015-09-30,GVA Current,Defense Etc,4.331,65.74
2015-09-30,GVA Current,GVA,30.919,65.74
2015-09-30,GVA Current,Net Taxes,2.639,65.74
2015-12-31,GDP Constant,PFCE,16.334,66.33
2015-12-31,GDP Constant,GFCE,2.728,66.33
2015-12-31,GDP Constant,GFCF,8.749,66.33
2015-12-31,GDP Constant,CIS,0.567,66.33
2015-12-31,GDP Constant,Valuables,0.455,66.33
2015-12-31,GDP Constant,Exports,5.79,66.33
2015-12-31,GDP Constant,Imports,-6.143,66.33
2015-12-31,GDP Constant,Discrepancies,-0.115,66.33
2015-12-31,GDP Constant,GDP,28.364,66.33
2015-12-31,GDP Current,PFCE,20.964,66.33
2015-12-31,GDP Current,GFCE,3.499,66.33
2015-12-31,GDP Current,GFCF,9.919,66.33
2015-12-31,GDP Current,CIS,0.619,66.33
2015-12-31,GDP Current,Valuables,0.514,66.33
2015-12-31,GDP Current,Exports,6.774,66.33
2015-12-31,GDP Current,Imports,-7.586,66.33
2015-12-31,GDP Current,Discrepancies ,0.063,66.33
2015-12-31,GDP Current,GDP,34.766,66.33
2015-12-31,GVA Constant,Agriculture,5.116,66.33
2015-12-31,GVA Constant,Mining,0.759,66.33
2015-12-31,GVA Constant,Manufacturing,4.504,66.33
2015-12-31,GVA Constant,Electricity & Utilities,0.552,66.33
2015-12-31,GVA Constant,Construction,2.164,66.33
2015-12-31,GVA Constant,"Trade Hotal, Comm",4.843,66.33
2015-12-31,GVA Constant,Financial Services,5.063,66.33
2015-12-31,GVA Constant,Defense Etc,3.369,66.33
2015-12-31,GVA Constant,GVA,26.37,66.33
2015-12-31,GVA Constant,Net Taxes,1.994,66.33
2015-12-31,GVA Current,Agriculture,7.211,66.33
2015-12-31,GVA Current,Mining,0.69,66.33
2015-12-31,GVA Current,Manufacturing,5.06,66.33
2015-12-31,GVA Current,Electricity & Utilities,0.816,66.33
2015-12-31,GVA Current,Construction,2.481,66.33
2015-12-31,GVA Current,"Trade Hotal, Comm",5.586,66.33
2015-12-31,GVA Current,Financial Services,5.776,66.33
2015-12-31,GVA Current,Defense Etc,4.426,66.33
2015-12-31,GVA Current,GVA,32.047,66.33
2015-12-31,GVA Current,Net Taxes,2.72,66.33
2016-03-31,GDP Constant,PFCE,17.169,66.33
2016-03-31,GDP Constant,GFCE,2.328,66.33
2016-03-31,GDP Constant,GFCF,9.347,66.33
2016-03-31,GDP Constant,CIS,0.647,66.33
2016-03-31,GDP Constant,Valuables,0.505,66.33
2016-03-31,GDP Constant,Exports,6.12,66.33
2016-03-31,GDP Constant,Imports,-6.154,66.33
2016-03-31,GDP Constant,Discrepancies,0.405,66.33
2016-03-31,GDP Constant,GDP,30.367,66.33
2016-03-31,GDP Current,PFCE,21.846,66.33
2016-03-31,GDP Current,GFCE,2.97,66.33
2016-03-31,GDP Current,GFCF,10.438,66.33
2016-03-31,GDP Current,CIS,0.704,66.33
2016-03-31,GDP Current,Valuables,0.537,66.33
2016-03-31,GDP Current,Exports,6.929,66.33
2016-03-31,GDP Current,Imports,-7.331,66.33
2016-03-31,GDP Current,Discrepancies ,0.865,66.33
2016-03-31,GDP Current,GDP,36.958,66.33
2016-03-31,GVA Constant,Agriculture,4.255,66.33
2016-03-31,GVA Constant,Mining,0.914,66.33
2016-03-31,GVA Constant,Manufacturing,5.144,66.33
2016-03-31,GVA Constant,Electricity & Utilities,0.559,66.33
2016-03-31,GVA Constant,Construction,2.248,66.33
2016-03-31,GVA Constant,"Trade Hotal, Comm",5.656,66.33
2016-03-31,GVA Constant,Financial Services,5.235,66.33
2016-03-31,GVA Constant,Defense Etc,3.152,66.33
2016-03-31,GVA Constant,GVA,27.164,66.33
2016-03-31,GVA Constant,Net Taxes,3.203,66.33
2016-03-31,GVA Current,Agriculture,5.829,66.33
2016-03-31,GVA Current,Mining,0.736,66.33
2016-03-31,GVA Current,Manufacturing,5.753,66.33
2016-03-31,GVA Current,Electricity & Utilities,0.826,66.33
2016-03-31,GVA Current,Construction,2.526,66.33
2016-03-31,GVA Current,"Trade Hotal, Comm",6.403,66.33
2016-03-31,GVA Current,Financial Services,5.846,66.33
2016-03-31,GVA Current,Defense Etc,4.131,66.33
2016-03-31,GVA Current,GVA,32.05,66.33
2016-03-31,GVA Current,Net Taxes,4.908,66.33
2016-06-30,GDP Constant,PFCE,16.236,67.62
2016-06-30,GDP Constant,GFCE,2.989,67.62
2016-06-30,GDP Constant,GFCF,9.535,67.62
2016-06-30,GDP Constant,CIS,0.306,67.62
2016-06-30,GDP Constant,Valuables,0.351,67.62
2016-06-30,GDP Constant,Exports,6.031,67.62
2016-06-30,GDP Constant,Imports,-6.275,67.62
2016-06-30,GDP Constant,Discrepancies,0.477,67.62
2016-06-30,GDP Constant,GDP,29.651,67.62
2016-06-30,GDP Current,PFCE,21.209,67.62
2016-06-30,GDP Current,GFCE,3.89,67.62
2016-06-30,GDP Current,GFCF,10.859,67.62
2016-06-30,GDP Current,CIS,0.341,67.62
2016-06-30,GDP Current,Valuables,0.384,67.62
2016-06-30,GDP Current,Exports,7.048,67.62
2016-06-30,GDP Current,Imports,-7.603,67.62
2016-06-30,GDP Current,Discrepancies ,0.269,67.62
2016-06-30,GDP Current,GDP,36.398,67.62
2016-06-30,GVA Constant,Agriculture,3.896,67.62
2016-06-30,GVA Constant,Mining,0.934,67.62
2016-06-30,GVA Constant,Manufacturing,5.12,67.62
2016-06-30,GVA Constant,Electricity & Utilities,0.625,67.62
2016-06-30,GVA Constant,Construction,2.345,67.62
2016-06-30,GVA Constant,"Trade Hotal, Comm",5.201,67.62
2016-06-30,GVA Constant,Financial Services,6.751,67.62
2016-06-30,GVA Constant,Defense Etc,3.114,67.62
2016-06-30,GVA Constant,GVA,27.987,67.62
2016-06-30,GVA Constant,Net Taxes,1.664,67.62
2016-06-30,GVA Current,Agriculture,5.731,67.62
2016-06-30,GVA Current,Mining,0.819,67.62
2016-06-30,GVA Current,Manufacturing,5.76,67.62
2016-06-30,GVA Current,Electricity & Utilities,0.884,67.62
2016-06-30,GVA Current,Construction,2.735,67.62
2016-06-30,GVA Current,"Trade Hotal, Comm",6.071,67.62
2016-06-30,GVA Current,Financial Services,7.83,67.62
2016-06-30,GVA Current,Defense Etc,4.171,67.62
2016-06-30,GVA Current,GVA,34.002,67.62
2016-06-30,GVA Current,Net Taxes,2.396,67.62
2016-09-30,GDP Constant,PFCE,16.585,66.66
2016-09-30,GDP Constant,GFCE,3.432,66.66
2016-09-30,GDP Constant,GFCF,9.139,66.66
2016-09-30,GDP Constant,CIS,0.304,66.66
2016-09-30,GDP Constant,Valuables,0.372,66.66
2016-09-30,GDP Constant,Exports,6.115,66.66
2016-09-30,GDP Constant,Imports,-6.562,66.66
2016-09-30,GDP Constant,Discrepancies,0.973,66.66
2016-09-30,GDP Constant,GDP,30.358,66.66
2016-09-30,GDP Current,PFCE,21.99,66.66
2016-09-30,GDP Current,GFCE,4.551,66.66
2016-09-30,GDP Current,GFCF,10.451,66.66
2016-09-30,GDP Current,CIS,0.341,66.66
2016-09-30,GDP Current,Valuables,0.445,66.66
2016-09-30,GDP Current,Exports,7.209,66.66
2016-09-30,GDP Current,Imports,-8.01,66.66
2016-09-30,GDP Current,Discrepancies ,0.563,66.66
2016-09-30,GDP Current,GDP,37.541,66.66
2016-09-30,GVA Constant,Agriculture,3.268,66.66
2016-09-30,GVA Constant,Mining,0.674,66.66
2016-09-30,GVA Constant,Manufacturing,5.09,66.66
2016-09-30,GVA Constant,Electricity & Utilities,0.624,66.66
2016-09-30,GVA Constant,Construction,2.228,66.66
2016-09-30,GVA Constant,"Trade Hotal, Comm",5.038,66.66
2016-09-30,GVA Constant,Financial Services,7.45,66.66
2016-09-30,GVA Constant,Defense Etc,3.548,66.66
2016-09-30,GVA Constant,GVA,27.92,66.66
2016-09-30,GVA Constant,Net Taxes,2.438,66.66
2016-09-30,GVA Current,Agriculture,4.856,66.66
2016-09-30,GVA Current,Mining,0.605,66.66
2016-09-30,GVA Current,Manufacturing,5.759,66.66
2016-09-30,GVA Current,Electricity & Utilities,0.892,66.66
2016-09-30,GVA Current,Construction,2.625,66.66
2016-09-30,GVA Current,"Trade Hotal, Comm",5.946,66.66
2016-09-30,GVA Current,Financial Services,8.741,66.66
2016-09-30,GVA Current,Defense Etc,4.841,66.66
2016-09-30,GVA Current,GVA,34.264,66.66
2016-09-30,GVA Current,Net Taxes,3.277,66.66
2016-12-31,GDP Constant,PFCE,18.166,67.95
2016-12-31,GDP Constant,GFCE,2.898,67.95
2016-12-31,GDP Constant,GFCF,9.332,67.95
2016-12-31,GDP Constant,CIS,0.291,67.95
2016-12-31,GDP Constant,Valuables,0.357,67.95
2016-12-31,GDP Constant,Exports,6.188,67.95
2016-12-31,GDP Constant,Imports,-6.796,67.95
2016-12-31,GDP Constant,Discrepancies,0.361,67.95
2016-12-31,GDP Constant,GDP,30.796,67.95
2016-12-31,GDP Current,PFCE,24.097,67.95
2016-12-31,GDP Current,GFCE,3.848,67.95
2016-12-31,GDP Current,GFCF,10.706,67.95
2016-12-31,GDP Current,CIS,0.328,67.95
2016-12-31,GDP Current,Valuables,0.432,67.95
2016-12-31,GDP Current,Exports,7.433,67.95
2016-12-31,GDP Current,Imports,-8.479,67.95
2016-12-31,GDP Current,Discrepancies ,0.384,67.95
2016-12-31,GDP Current,GDP,38.75,67.95
2016-12-31,GVA Constant,Agriculture,5.492,67.95
2016-12-31,GVA Constant,Mining,0.828,67.95
2016-12-31,GVA Constant,Manufacturing,4.876,67.95
2016-12-31,GVA Constant,Electricity & Utilities,0.609,67.95
2016-12-31,GVA Constant,Construction,2.324,67.95
2016-12-31,GVA Constant,"Trade Hotal, Comm",5.228,67.95
2016-12-31,GVA Constant,Financial Services,5.324,67.95
2016-12-31,GVA Constant,Defense Etc,3.677,67.95
2016-12-31,GVA Constant,GVA,28.356,67.95
2016-12-31,GVA Constant,Net Taxes,2.44,67.95
2016-12-31,GVA Current,Agriculture,8.013,67.95
2016-12-31,GVA Current,Mining,0.769,67.95
2016-12-31,GVA Current,Manufacturing,5.549,67.95
2016-12-31,GVA Current,Electricity & Utilities,0.888,67.95
2016-12-31,GVA Current,Construction,2.744,67.95
2016-12-31,GVA Current,"Trade Hotal, Comm",6.192,67.95
2016-12-31,GVA Current,Financial Services,6.191,67.95
2016-12-31,GVA Current,Defense Etc,5.034,67.95
2016-12-31,GVA Current,GVA,35.381,67.95
2016-12-31,GVA Current,Net Taxes,3.369,67.95
2017-03-31,GDP Constant,PFCE,18.016,64.84
2017-03-31,GDP Constant,GFCE,2.697,64.84
2017-03-31,GDP Constant,GFCF,9.869,64.84
2017-03-31,GDP Constant,CIS,0.326,64.84
2017-03-31,GDP Constant,Valuables,0.435,64.84
2017-03-31,GDP Constant,Exports,6.55,64.84
2017-03-31,GDP Constant,Imports,-6.583,64.84
2017-03-31,GDP Constant,Discrepancies,0.968,64.84
2017-03-31,GDP Constant,GDP,32.277,64.84
2017-03-31,GDP Current,PFCE,23.969,64.84
2017-03-31,GDP Current,GFCE,3.577,64.84
2017-03-31,GDP Current,GFCF,11.371,64.84
2017-03-31,GDP Current,CIS,0.371,64.84
2017-03-31,GDP Current,Valuables,0.411,64.84
2017-03-31,GDP Current,Exports,7.798,64.84
2017-03-31,GDP Current,Imports,-8.115,64.84
2017-03-31,GDP Current,Discrepancies ,1.846,64.84
2017-03-31,GDP Current,GDP,41.228,64.84
2017-03-31,GVA Constant,Agriculture,4.604,64.84
2017-03-31,GVA Constant,Mining,1.057,64.84
2017-03-31,GVA Constant,Manufacturing,5.462,64.84
2017-03-31,GVA Constant,Electricity & Utilities,0.608,64.84
2017-03-31,GVA Constant,Construction,2.266,64.84
2017-03-31,GVA Constant,"Trade Hotal, Comm",5.997,64.84
2017-03-31,GVA Constant,Financial Services,5.404,64.84
2017-03-31,GVA Constant,Defense Etc,3.621,64.84
2017-03-31,GVA Constant,GVA,29.02,64.84
2017-03-31,GVA Constant,Net Taxes,3.258,64.84
2017-03-31,GVA Current,Agriculture,6.587,64.84
2017-03-31,GVA Current,Mining,1.074,64.84
2017-03-31,GVA Current,Manufacturing,6.269,64.84
2017-03-31,GVA Current,Electricity & Utilities,0.892,64.84
2017-03-31,GVA Current,Construction,2.705,64.84
2017-03-31,GVA Current,"Trade Hotal, Comm",7.182,64.84
2017-03-31,GVA Current,Financial Services,6.353,64.84
2017-03-31,GVA Current,Defense Etc,4.942,64.84
2017-03-31,GVA Current,GVA,36.004,64.84
2017-03-31,GVA Current,Net Taxes,5.223,64.84
2017-06-30,GDP Constant,PFCE,17.632,64.74
2017-06-30,GDP Constant,GFCE,3.633,64.74
2017-06-30,GDP Constant,GFCF,9.637,64.74
2017-06-30,GDP Constant,CIS,0.478,64.74
2017-06-30,GDP Constant,Valuables,0.693,64.74
2017-06-30,GDP Constant,Exports,6.269,64.74
2017-06-30,GDP Constant,Imports,-7.638,64.74
2017-06-30,GDP Constant,Discrepancies,0.758,64.74
2017-06-30,GDP Constant,GDP,31.463,64.74
2017-06-30,GDP Current,PFCE,23.589,64.74
2017-06-30,GDP Current,GFCE,4.848,64.74
2017-06-30,GDP Current,GFCF,11.252,64.74
2017-06-30,GDP Current,CIS,0.545,64.74
2017-06-30,GDP Current,Valuables,0.814,64.74
2017-06-30,GDP Current,Exports,7.585,64.74
2017-06-30,GDP Current,Imports,-9.125,64.74
2017-06-30,GDP Current,Discrepancies ,0.582,64.74
2017-06-30,GDP Current,GDP,40.089,64.74
2017-06-30,GVA Constant,Agriculture,4.133,64.74
2017-06-30,GVA Constant,Mining,0.841,64.74
2017-06-30,GVA Constant,Manufacturing,5.12,64.74
2017-06-30,GVA Constant,Electricity & Utilities,0.692,64.74
2017-06-30,GVA Constant,Construction,2.354,64.74
2017-06-30,GVA Constant,"Trade Hotal, Comm",5.791,64.74
2017-06-30,GVA Constant,Financial Services,6.941,64.74
2017-06-30,GVA Constant,Defense Etc,3.509,64.74
2017-06-30,GVA Constant,GVA,29.381,64.74
2017-06-30,GVA Constant,Net Taxes,2.082,64.74
2017-06-30,GVA Current,Agriculture,6.207,64.74
2017-06-30,GVA Current,Mining,0.822,64.74
2017-06-30,GVA Current,Manufacturing,5.885,64.74
2017-06-30,GVA Current,Electricity & Utilities,1.07,64.74
2017-06-30,GVA Current,Construction,2.88,64.74
2017-06-30,GVA Current,"Trade Hotal, Comm",6.918,64.74
2017-06-30,GVA Current,Financial Services,8.442,64.74
2017-06-30,GVA Current,Defense Etc,4.851,64.74
2017-06-30,GVA Current,GVA,37.075,64.74
2017-06-30,GVA Current,Net Taxes,3.014,64.74
2017-09-30,GDP Constant,PFCE,17.39,65.36
2017-09-30,GDP Constant,GFCE,3.684,65.36
2017-09-30,GDP Constant,GFCF,9.725,65.36
2017-09-30,GDP Constant,CIS,0.517,65.36
2017-09-30,GDP Constant,Valuables,0.51,65.36
2017-09-30,GDP Constant,Exports,6.4,65.36
2017-09-30,GDP Constant,Imports,-7.256,65.36
2017-09-30,GDP Constant,Discrepancies,1.002,65.36
2017-09-30,GDP Constant,GDP,31.972,65.36
2017-09-30,GDP Current,PFCE,23.763,65.36
2017-09-30,GDP Current,GFCE,5.043,65.36
2017-09-30,GDP Current,GFCF,11.411,65.36
2017-09-30,GDP Current,CIS,0.591,65.36
2017-09-30,GDP Current,Valuables,0.588,65.36
2017-09-30,GDP Current,Exports,7.848,65.36
2017-09-30,GDP Current,Imports,-8.776,65.36
2017-09-30,GDP Current,Discrepancies ,1.105,65.36
2017-09-30,GDP Current,GDP,41.572,65.36
2017-09-30,GVA Constant,Agriculture,3.49,65.36
2017-09-30,GVA Constant,Mining,0.697,65.36
2017-09-30,GVA Constant,Manufacturing,5.534,65.36
2017-09-30,GVA Constant,Electricity & Utilities,0.694,65.36
2017-09-30,GVA Constant,Construction,2.266,65.36
2017-09-30,GVA Constant,"Trade Hotal, Comm",5.58,65.36
2017-09-30,GVA Constant,Financial Services,7.408,65.36
2017-09-30,GVA Constant,Defense Etc,3.798,65.36
2017-09-30,GVA Constant,GVA,29.467,65.36
2017-09-30,GVA Constant,Net Taxes,2.505,65.36
2017-09-30,GVA Current,Agriculture,5.512,65.36
2017-09-30,GVA Current,Mining,0.673,65.36
2017-09-30,GVA Current,Manufacturing,6.386,65.36
2017-09-30,GVA Current,Electricity & Utilities,1.075,65.36
2017-09-30,GVA Current,Construction,2.813,65.36
2017-09-30,GVA Current,"Trade Hotal, Comm",6.759,65.36
2017-09-30,GVA Current,Financial Services,9.149,65.36
2017-09-30,GVA Current,Defense Etc,5.372,65.36
2017-09-30,GVA Current,GVA,37.738,65.36
2017-09-30,GVA Current,Net Taxes,3.834,65.36
2017-12-31,GDP Constant,PFCE,18.92,63.67
2017-12-31,GDP Constant,GFCE,3.2,63.67
2017-12-31,GDP Constant,GFCF,10.196,63.67
2017-12-31,GDP Constant,CIS,0.502,63.67
2017-12-31,GDP Constant,Valuables,0.435,63.67
2017-12-31,GDP Constant,Exports,6.467,63.67
2017-12-31,GDP Constant,Imports,-7.753,63.67
2017-12-31,GDP Constant,Discrepancies,0.882,63.67
2017-12-31,GDP Constant,GDP,32.85,63.67
2017-12-31,GDP Current,PFCE,26.208,63.67
2017-12-31,GDP Current,GFCE,4.448,63.67
2017-12-31,GDP Current,GFCF,12.099,63.67
2017-12-31,GDP Current,CIS,0.579,63.67
2017-12-31,GDP Current,Valuables,0.545,63.67
2017-12-31,GDP Current,Exports,8.172,63.67
2017-12-31,GDP Current,Imports,-9.7,63.67
2017-12-31,GDP Current,Discrepancies ,1.042,63.67
2017-12-31,GDP Current,GDP,43.392,63.67
2017-12-31,GVA Constant,Agriculture,5.812,63.67
2017-12-31,GVA Constant,Mining,0.795,63.67
2017-12-31,GVA Constant,Manufacturing,5.375,63.67
2017-12-31,GVA Constant,Electricity & Utilities,0.666,63.67
2017-12-31,GVA Constant,Construction,2.44,63.67
2017-12-31,GVA Constant,"Trade Hotal, Comm",5.786,63.67
2017-12-31,GVA Constant,Financial Services,5.501,63.67
2017-12-31,GVA Constant,Defense Etc,3.952,63.67
2017-12-31,GVA Constant,GVA,30.328,63.67
2017-12-31,GVA Constant,Net Taxes,2.522,63.67
2017-12-31,GVA Current,Agriculture,9.149,63.67
2017-12-31,GVA Current,Mining,0.827,63.67
2017-12-31,GVA Current,Manufacturing,6.253,63.67
2017-12-31,GVA Current,Electricity & Utilities,1.04,63.67
2017-12-31,GVA Current,Construction,3.064,63.67
2017-12-31,GVA Current,"Trade Hotal, Comm",7.092,63.67
2017-12-31,GVA Current,Financial Services,6.825,63.67
2017-12-31,GVA Current,Defense Etc,5.665,63.67
2017-12-31,GVA Current,GVA,39.916,63.67
2017-12-31,GVA Current,Net Taxes,3.476,63.67
2018-03-31,GDP Constant,PFCE,19.365,65.02
2018-03-31,GDP Constant,GFCE,2.932,65.02
2018-03-31,GDP Constant,GFCF,11.272,65.02
2018-03-31,GDP Constant,CIS,0.567,65.02
2018-03-31,GDP Constant,Valuables,0.484,65.02
2018-03-31,GDP Constant,Exports,6.884,65.02
2018-03-31,GDP Constant,Imports,-8.135,65.02
2018-03-31,GDP Constant,Discrepancies,1.792,65.02
2018-03-31,GDP Constant,GDP,35.161,65.02
2018-03-31,GDP Current,PFCE,26.802,65.02
2018-03-31,GDP Current,GFCE,4.063,65.02
2018-03-31,GDP Current,GFCF,13.395,65.02
2018-03-31,GDP Current,CIS,0.661,65.02
2018-03-31,GDP Current,Valuables,0.47,65.02
2018-03-31,GDP Current,Exports,8.51,65.02
2018-03-31,GDP Current,Imports,-9.913,65.02
2018-03-31,GDP Current,Discrepancies ,1.859,65.02
2018-03-31,GDP Current,GDP,45.847,65.02
2018-03-31,GVA Constant,Agriculture,4.965,65.02
2018-03-31,GVA Constant,Mining,0.963,65.02
2018-03-31,GVA Constant,Manufacturing,6.065,65.02
2018-03-31,GVA Constant,Electricity & Utilities,0.676,65.02
2018-03-31,GVA Constant,Construction,2.583,65.02
2018-03-31,GVA Constant,"Trade Hotal, Comm",6.527,65.02
2018-03-31,GVA Constant,Financial Services,5.521,65.02
2018-03-31,GVA Constant,Defense Etc,3.866,65.02
2018-03-31,GVA Constant,GVA,31.166,65.02
2018-03-31,GVA Constant,Net Taxes,3.995,65.02
2018-03-31,GVA Current,Agriculture,7.43,65.02
2018-03-31,GVA Current,Mining,1.039,65.02
2018-03-31,GVA Current,Manufacturing,7.142,65.02
2018-03-31,GVA Current,Electricity & Utilities,1.072,65.02
2018-03-31,GVA Current,Construction,3.247,65.02
2018-03-31,GVA Current,"Trade Hotal, Comm",8.02,65.02
2018-03-31,GVA Current,Financial Services,6.857,65.02
2018-03-31,GVA Current,Defense Etc,5.521,65.02
2018-03-31,GVA Current,GVA,40.328,65.02
2018-03-31,GVA Current,Net Taxes,5.519,65.02
2018-06-30,GDP Constant,PFCE,18.823,68.58
2018-06-30,GDP Constant,GFCE,3.858,68.58
2018-06-30,GDP Constant,GFCF,10.888,68.58
2018-06-30,GDP Constant,CIS,0.637,68.58
2018-06-30,GDP Constant,Valuables,0.464,68.58
2018-06-30,GDP Constant,Exports,6.867,68.58
2018-06-30,GDP Constant,Imports,-8.023,68.58
2018-06-30,GDP Constant,Discrepancies,0.328,68.58
2018-06-30,GDP Constant,GDP,33.841,68.58
2018-06-30,GDP Current,PFCE,26.439,68.58
2018-06-30,GDP Current,GFCE,5.42,68.58
2018-06-30,GDP Current,GFCF,13.23,68.58
2018-06-30,GDP Current,CIS,0.764,68.58
2018-06-30,GDP Current,Valuables,0.536,68.58
2018-06-30,GDP Current,Exports,8.704,68.58
2018-06-30,GDP Current,Imports,-10.55,68.58
2018-06-30,GDP Current,Discrepancies ,1.112,68.58
2018-06-30,GDP Current,GDP,45.656,68.58
2018-06-30,GVA Constant,Agriculture,4.349,68.58
2018-06-30,GVA Constant,Mining,0.84,68.58
2018-06-30,GVA Constant,Manufacturing,5.644,68.58
2018-06-30,GVA Constant,Electricity & Utilities,0.745,68.58
2018-06-30,GVA Constant,Construction,2.509,68.58
2018-06-30,GVA Constant,"Trade Hotal, Comm",6.255,68.58
2018-06-30,GVA Constant,Financial Services,7.37,68.58
2018-06-30,GVA Constant,Defense Etc,3.779,68.58
2018-06-30,GVA Constant,GVA,31.491,68.58
2018-06-30,GVA Constant,Net Taxes,2.35,68.58
2018-06-30,GVA Current,Agriculture,6.835,68.58
2018-06-30,GVA Current,Mining,0.941,68.58
2018-06-30,GVA Current,Manufacturing,6.744,68.58
2018-06-30,GVA Current,Electricity & Utilities,1.124,68.58
2018-06-30,GVA Current,Construction,3.259,68.58
2018-06-30,GVA Current,"Trade Hotal, Comm",7.782,68.58
2018-06-30,GVA Current,Financial Services,9.498,68.58
2018-06-30,GVA Current,Defense Etc,5.523,68.58
2018-06-30,GVA Current,GVA,41.706,68.58
2018-06-30,GVA Current,Net Taxes,3.95,68.58
2018-09-30,GDP Constant,PFCE,18.965,69.05
2018-09-30,GDP Constant,GFCE,3.964,69.05
2018-09-30,GDP Constant,GFCF,10.836,69.05
2018-09-30,GDP Constant,CIS,0.657,69.05
2018-09-30,GDP Constant,Valuables,0.505,69.05
2018-09-30,GDP Constant,Exports,7.198,69.05
2018-09-30,GDP Constant,Imports,-8.545,69.05
2018-09-30,GDP Constant,Discrepancies,0.467,69.05
2018-09-30,GDP Constant,GDP,34.047,69.05
2018-09-30,GDP Current,PFCE,27.098,69.05
2018-09-30,GDP Current,GFCE,5.68,69.05
2018-09-30,GDP Current,GFCF,13.305,69.05
2018-09-30,GDP Current,CIS,0.796,69.05
2018-09-30,GDP Current,Valuables,0.598,69.05
2018-09-30,GDP Current,Exports,9.246,69.05
2018-09-30,GDP Current,Imports,-11.369,69.05
2018-09-30,GDP Current,Discrepancies ,1.178,69.05
2018-09-30,GDP Current,GDP,46.532,69.05
2018-09-30,GVA Constant,Agriculture,3.657,69.05
2018-09-30,GVA Constant,Mining,0.684,69.05
2018-09-30,GVA Constant,Manufacturing,5.822,69.05
2018-09-30,GVA Constant,Electricity & Utilities,0.761,69.05
2018-09-30,GVA Constant,Construction,2.387,69.05
2018-09-30,GVA Constant,"Trade Hotal, Comm",5.975,69.05
2018-09-30,GVA Constant,Financial Services,7.922,69.05
2018-09-30,GVA Constant,Defense Etc,4.078,69.05
2018-09-30,GVA Constant,GVA,31.288,69.05
2018-09-30,GVA Constant,Net Taxes,2.759,69.05
2018-09-30,GVA Current,Agriculture,5.896,69.05
2018-09-30,GVA Current,Mining,0.799,69.05
2018-09-30,GVA Current,Manufacturing,7.025,69.05
2018-09-30,GVA Current,Electricity & Utilities,1.171,69.05
2018-09-30,GVA Current,Construction,3.156,69.05
2018-09-30,GVA Current,"Trade Hotal, Comm",7.567,69.05
2018-09-30,GVA Current,Financial Services,10.396,69.05
2018-09-30,GVA Current,Defense Etc,6.072,69.05
2018-09-30,GVA Current,GVA,42.082,69.05
2018-09-30,GVA Current,Net Taxes,4.45,69.05
2018-12-31,GDP Constant,PFCE,20.421,69.05
2018-12-31,GDP Constant,GFCE,3.299,69.05
2018-12-31,GDP Constant,GFCF,11.365,69.05
2018-12-31,GDP Constant,CIS,0.636,69.05
2018-12-31,GDP Constant,Valuables,0.444,69.05
2018-12-31,GDP Constant,Exports,7.481,69.05
2018-12-31,GDP Constant,Imports,-8.682,69.05
2018-12-31,GDP Constant,Discrepancies,-0.035,69.05
2018-12-31,GDP Constant,GDP,34.93,69.05
2018-12-31,GDP Current,PFCE,29.301,69.05
2018-12-31,GDP Current,GFCE,4.75,69.05
2018-12-31,GDP Current,GFCF,14.076,69.05
2018-12-31,GDP Current,CIS,0.775,69.05
2018-12-31,GDP Current,Valuables,0.597,69.05
2018-12-31,GDP Current,Exports,9.832,69.05
2018-12-31,GDP Current,Imports,-11.858,69.05
2018-12-31,GDP Current,Discrepancies ,1.205,69.05
2018-12-31,GDP Current,GDP,48.677,69.05
2018-12-31,GVA Constant,Agriculture,5.921,69.05
2018-12-31,GVA Constant,Mining,0.803,69.05
2018-12-31,GVA Constant,Manufacturing,5.63,69.05
2018-12-31,GVA Constant,Electricity & Utilities,0.728,69.05
2018-12-31,GVA Constant,Construction,2.605,69.05
2018-12-31,GVA Constant,"Trade Hotal, Comm",6.203,69.05
2018-12-31,GVA Constant,Financial Services,5.88,69.05
2018-12-31,GVA Constant,Defense Etc,4.194,69.05
2018-12-31,GVA Constant,GVA,31.963,69.05
2018-12-31,GVA Constant,Net Taxes,2.966,69.05
2018-12-31,GVA Current,Agriculture,9.529,69.05
2018-12-31,GVA Current,Mining,0.954,69.05
2018-12-31,GVA Current,Manufacturing,6.833,69.05
2018-12-31,GVA Current,Electricity & Utilities,1.123,69.05
2018-12-31,GVA Current,Construction,3.466,69.05
2018-12-31,GVA Current,"Trade Hotal, Comm",7.908,69.05
2018-12-31,GVA Current,Financial Services,7.728,69.05
2018-12-31,GVA Current,Defense Etc,6.303,69.05
2018-12-31,GVA Current,GVA,43.843,69.05
2018-12-31,GVA Current,Net Taxes,4.834,69.05
2019-03-31,GDP Constant,PFCE,20.636,69.05
2019-03-31,GDP Constant,GFCE,3.169,69.05
2019-03-31,GDP Constant,GFCF,11.773,69.05
2019-03-31,GDP Constant,CIS,0.696,69.05
2019-03-31,GDP Constant,Valuables,0.504,69.05
2019-03-31,GDP Constant,Exports,7.687,69.05
2019-03-31,GDP Constant,Imports,-8.182,69.05
2019-03-31,GDP Constant,Discrepancies,0.932,69.05
2019-03-31,GDP Constant,GDP,37.215,69.05
2019-03-31,GDP Current,PFCE,29.382,69.05
2019-03-31,GDP Current,GFCE,4.526,69.05
2019-03-31,GDP Current,GFCF,14.518,69.05
2019-03-31,GDP Current,CIS,0.845,69.05
2019-03-31,GDP Current,Valuables,0.53,69.05
2019-03-31,GDP Current,Exports,9.881,69.05
2019-03-31,GDP Current,Imports,-10.905,69.05
2019-03-31,GDP Current,Discrepancies ,-0.773,69.05
2019-03-31,GDP Current,GDP,48.005,69.05
2019-03-31,GVA Constant,Agriculture,4.944,69.05
2019-03-31,GVA Constant,Mining,0.978,69.05
2019-03-31,GVA Constant,Manufacturing,6.164,69.05
2019-03-31,GVA Constant,Electricity & Utilities,0.71,69.05
2019-03-31,GVA Constant,Construction,2.754,69.05
2019-03-31,GVA Constant,"Trade Hotal, Comm",6.941,69.05
2019-03-31,GVA Constant,Financial Services,6.015,69.05
2019-03-31,GVA Constant,Defense Etc,4.192,69.05
2019-03-31,GVA Constant,GVA,32.7,69.05
2019-03-31,GVA Constant,Net Taxes,4.515,69.05
2019-03-31,GVA Current,Agriculture,7.903,69.05
2019-03-31,GVA Current,Mining,1.078,69.05
2019-03-31,GVA Current,Manufacturing,7.452,69.05
2019-03-31,GVA Current,Electricity & Utilities,1.088,69.05
2019-03-31,GVA Current,Construction,3.618,69.05
2019-03-31,GVA Current,"Trade Hotal, Comm",8.747,69.05
2019-03-31,GVA Current,Financial Services,7.803,69.05
2019-03-31,GVA Current,Defense Etc,6.294,69.05
2019-03-31,GVA Current,GVA,43.981,69.05
2019-03-31,GVA Current,Net Taxes,4.024,69.05
2019-06-30,GDP Constant,PFCE,20.093,69.05
2019-06-30,GDP Constant,GFCE,3.78,69.05
2019-06-30,GDP Constant,GFCF,11.973,69.05
2019-06-30,GDP Constant,CIS,0.271,69.05
2019-06-30,GDP Constant,Valuables,0.439,69.05
2019-06-30,GDP Constant,Exports,7.032,69.05
2019-06-30,GDP Constant,Imports,-8.78,69.05
2019-06-30,GDP Constant,Discrepancies,0.681,69.05
2019-06-30,GDP Constant,GDP,35.49,69.05
2019-06-30,GDP Current,PFCE,29.197,69.05
2019-06-30,GDP Current,GFCE,5.47,69.05
2019-06-30,GDP Current,GFCF,15.01,69.05
2019-06-30,GDP Current,CIS,0.337,69.05
2019-06-30,GDP Current,Valuables,0.482,69.05
2019-06-30,GDP Current,Exports,9.307,69.05
2019-06-30,GDP Current,Imports,-11.174,69.05
2019-06-30,GDP Current,Discrepancies ,0.795,69.05
2019-06-30,GDP Current,GDP,49.425,69.05
2019-06-30,GVA Constant,Agriculture,4.487,69.05
2019-06-30,GVA Constant,Mining,0.827,69.05
2019-06-30,GVA Constant,Manufacturing,5.655,69.05
2019-06-30,GVA Constant,Electricity & Utilities,0.797,69.05
2019-06-30,GVA Constant,Construction,2.597,69.05
2019-06-30,GVA Constant,"Trade Hotal, Comm",6.623,69.05
2019-06-30,GVA Constant,Financial Services,7.969,69.05
2019-06-30,GVA Constant,Defense Etc,3.924,69.05
2019-06-30,GVA Constant,GVA,32.879,69.05
2019-06-30,GVA Constant,Net Taxes,2.611,69.05
2019-06-30,GVA Current,Agriculture,7.366,69.05
2019-06-30,GVA Current,Mining,0.946,69.05
2019-06-30,GVA Current,Manufacturing,6.78,69.05
2019-06-30,GVA Current,Electricity & Utilities,1.295,69.05
2019-06-30,GVA Current,Construction,3.505,69.05
2019-06-30,GVA Current,"Trade Hotal, Comm",8.523,69.05
2019-06-30,GVA Current,Financial Services,10.649,69.05
2019-06-30,GVA Current,Defense Etc,6.406,69.05
2019-06-30,GVA Current,GVA,45.471,69.05
2019-06-30,GVA Current,Net Taxes,3.954,69.05
2019-09-30,GDP Constant,PFCE,20.049,69.05
2019-09-30,GDP Constant,GFCE,4.184,69.05
2019-09-30,GDP Constant,GFCF,10.938,69.05
2019-09-30,GDP Constant,CIS,0.27,69.05
2019-09-30,GDP Constant,Valuables,0.442,69.05
2019-09-30,GDP Constant,Exports,7.052,69.05
2019-09-30,GDP Constant,Imports,-8.382,69.05
2019-09-30,GDP Constant,Discrepancies,0.909,69.05
2019-09-30,GDP Constant,GDP,35.462,69.05
2019-09-30,GDP Current,PFCE,29.497,69.05
2019-09-30,GDP Current,GFCE,6.167,69.05
2019-09-30,GDP Current,GFCF,13.599,69.05
2019-09-30,GDP Current,CIS,0.334,69.05
2019-09-30,GDP Current,Valuables,0.537,69.05
2019-09-30,GDP Current,Exports,9.273,69.05
2019-09-30,GDP Current,Imports,-10.604,69.05
2019-09-30,GDP Current,Discrepancies ,-0.186,69.05
2019-09-30,GDP Current,GDP,48.617,69.05
2019-09-30,GVA Constant,Agriculture,3.814,69.05
2019-09-30,GVA Constant,Mining,0.651,69.05
2019-09-30,GVA Constant,Manufacturing,5.628,69.05
2019-09-30,GVA Constant,Electricity & Utilities,0.775,69.05
2019-09-30,GVA Constant,Construction,2.408,69.05
2019-09-30,GVA Constant,"Trade Hotal, Comm",6.362,69.05
2019-09-30,GVA Constant,Financial Services,8.571,69.05
2019-09-30,GVA Constant,Defense Etc,4.357,69.05
2019-09-30,GVA Constant,GVA,32.565,69.05
2019-09-30,GVA Constant,Net Taxes,2.897,69.05
2019-09-30,GVA Current,Agriculture,6.405,69.05
2019-09-30,GVA Current,Mining,0.724,69.05
2019-09-30,GVA Current,Manufacturing,6.711,69.05
2019-09-30,GVA Current,Electricity & Utilities,1.27,69.05
2019-09-30,GVA Current,Construction,3.178,69.05
2019-09-30,GVA Current,"Trade Hotal, Comm",8.196,69.05
2019-09-30,GVA Current,Financial Services,11.457,69.05
2019-09-30,GVA Current,Defense Etc,6.761,69.05
2019-09-30,GVA Current,GVA,44.702,69.05
2019-09-30,GVA Current,Net Taxes,3.915,69.05
2019-12-31,GDP Constant,PFCE,21.571,69.05
2019-12-31,GDP Constant,GFCE,3.458,69.05
2019-12-31,GDP Constant,GFCF,11.35,69.05
2019-12-31,GDP Constant,CIS,0.261,69.05
2019-12-31,GDP Constant,Valuables,0.371,69.05
2019-12-31,GDP Constant,Exports,7.066,69.05
2019-12-31,GDP Constant,Imports,-8.072,69.05
2019-12-31,GDP Constant,Discrepancies,-0.008,69.05
2019-12-31,GDP Constant,GDP,35.997,69.05
2019-12-31,GDP Current,PFCE,32.34,69.05
2019-12-31,GDP Current,GFCE,5.213,69.05
2019-12-31,GDP Current,GFCF,13.991,69.05
2019-12-31,GDP Current,CIS,0.323,69.05
2019-12-31,GDP Current,Valuables,0.498,69.05
2019-12-31,GDP Current,Exports,9.638,69.05
2019-12-31,GDP Current,Imports,-10.662,69.05
2019-12-31,GDP Current,Discrepancies ,-0.036,69.05
2019-12-31,GDP Current,GDP,51.304,69.05
2019-12-31,GVA Constant,Agriculture,6.209,69.05
2019-12-31,GVA Constant,Mining,0.775,69.05
2019-12-31,GVA Constant,Manufacturing,5.447,69.05
2019-12-31,GVA Constant,Electricity & Utilities,0.705,69.05
2019-12-31,GVA Constant,Construction,2.577,69.05
2019-12-31,GVA Constant,"Trade Hotal, Comm",6.614,69.05
2019-12-31,GVA Constant,Financial Services,6.164,69.05
2019-12-31,GVA Constant,Defense Etc,4.485,69.05
2019-12-31,GVA Constant,GVA,32.975,69.05
2019-12-31,GVA Constant,Net Taxes,3.022,69.05
2019-12-31,GVA Current,Agriculture,10.855,69.05
2019-12-31,GVA Current,Mining,0.86,69.05
2019-12-31,GVA Current,Manufacturing,6.493,69.05
2019-12-31,GVA Current,Electricity & Utilities,1.186,69.05
2019-12-31,GVA Current,Construction,3.351,69.05
2019-12-31,GVA Current,"Trade Hotal, Comm",8.601,69.05
2019-12-31,GVA Current,Financial Services,8.288,69.05
2019-12-31,GVA Current,Defense Etc,6.954,69.05
2019-12-31,GVA Current,GVA,46.588,69.05
2019-12-31,GVA Current,Net Taxes,4.716,69.05
2020-03-31,GDP Constant,PFCE,20.884,69.05
2020-03-31,GDP Constant,GFCE,3.422,69.05
2020-03-31,GDP Constant,GFCF,11.849,69.05
2020-03-31,GDP Constant,CIS,0.282,69.05
2020-03-31,GDP Constant,Valuables,0.393,69.05
2020-03-31,GDP Constant,Exports,6.986,69.05
2020-03-31,GDP Constant,Imports,-7.983,69.05
2020-03-31,GDP Constant,Discrepancies,2.379,69.05
2020-03-31,GDP Constant,GDP,38.211,69.05
2020-03-31,GDP Current,PFCE,31.337,69.05
2020-03-31,GDP Current,GFCE,5.159,69.05
2020-03-31,GDP Current,GFCF,14.776,69.05
2020-03-31,GDP Current,CIS,0.351,69.05
2020-03-31,GDP Current,Valuables,0.43,69.05
2020-03-31,GDP Current,Exports,9.304,69.05
2020-03-31,GDP Current,Imports,-10.262,69.05
2020-03-31,GDP Current,Discrepancies ,0.307,69.05
2020-03-31,GDP Current,GDP,51.403,69.05
2020-03-31,GVA Constant,Agriculture,5.313,69.05
2020-03-31,GVA Constant,Mining,0.965,69.05
2020-03-31,GVA Constant,Manufacturing,5.883,69.05
2020-03-31,GVA Constant,Electricity & Utilities,0.729,69.05
2020-03-31,GVA Constant,Construction,2.805,69.05
2020-03-31,GVA Constant,"Trade Hotal, Comm",7.299,69.05
2020-03-31,GVA Constant,Financial Services,6.271,69.05
2020-03-31,GVA Constant,Defense Etc,4.511,69.05
2020-03-31,GVA Constant,GVA,33.776,69.05
2020-03-31,GVA Constant,Net Taxes,4.435,69.05
2020-03-31,GVA Current,Agriculture,8.957,69.05
2020-03-31,GVA Current,Mining,1.055,69.05
2020-03-31,GVA Current,Manufacturing,7.064,69.05
2020-03-31,GVA Current,Electricity & Utilities,1.265,69.05
2020-03-31,GVA Current,Construction,3.693,69.05
2020-03-31,GVA Current,"Trade Hotal, Comm",9.464,69.05
2020-03-31,GVA Current,Financial Services,8.4,69.05
2020-03-31,GVA Current,Defense Etc,6.892,69.05
2020-03-31,GVA Current,GVA,46.791,69.05
2020-03-31,GVA Current,Net Taxes,4.612,69.05
2020-06-30,GDP Constant,PFCE,15.489,76.11
2020-06-30,GDP Constant,GFCE,4.127,76.11
2020-06-30,GDP Constant,GFCF,6.693,76.11
2020-06-30,GDP Constant,CIS,0.027,76.11
2020-06-30,GDP Constant,Valuables,0.038,76.11
2020-06-30,GDP Constant,Exports,5.238,76.11
2020-06-30,GDP Constant,Imports,-5.177,76.11
2020-06-30,GDP Constant,Discrepancies,0.805,76.11
2020-06-30,GDP Constant,GDP,27.24,76.11
2020-06-30,GDP Current,PFCE,23.456,76.11
2020-06-30,GDP Current,GFCE,6.24,76.11
2020-06-30,GDP Current,GFCF,8.146,76.11
2020-06-30,GDP Current,CIS,0.044,76.11
2020-06-30,GDP Current,Valuables,0.045,76.11
2020-06-30,GDP Current,Exports,7.499,76.11
2020-06-30,GDP Current,Imports,-6.729,76.11
2020-06-30,GDP Current,Discrepancies ,0.11,76.11
2020-06-30,GDP Current,GDP,38.81,76.11
2020-06-30,GVA Constant,Agriculture,4.689,76.11
2020-06-30,GVA Constant,Mining,0.674,76.11
2020-06-30,GVA Constant,Manufacturing,3.967,76.11
2020-06-30,GVA Constant,Electricity & Utilities,0.674,76.11
2020-06-30,GVA Constant,Construction,1.347,76.11
2020-06-30,GVA Constant,"Trade Hotal, Comm",3.345,76.11
2020-06-30,GVA Constant,Financial Services,7.897,76.11
2020-06-30,GVA Constant,Defense Etc,3.405,76.11
2020-06-30,GVA Constant,GVA,25.999,76.11
2020-06-30,GVA Constant,Net Taxes,1.242,76.11
2020-06-30,GVA Current,Agriculture,8.02,76.11
2020-06-30,GVA Current,Mining,0.64,76.11
2020-06-30,GVA Current,Manufacturing,4.642,76.11
2020-06-30,GVA Current,Electricity & Utilities,1.141,76.11
2020-06-30,GVA Current,Construction,1.751,76.11
2020-06-30,GVA Current,"Trade Hotal, Comm",4.279,76.11
2020-06-30,GVA Current,Financial Services,10.394,76.11
2020-06-30,GVA Current,Defense Etc,5.928,76.11
2020-06-30,GVA Current,GVA,36.794,76.11
2020-06-30,GVA Current,Net Taxes,2.016,76.11
2020-09-30,GDP Constant,PFCE,18.575,76.11
2020-09-30,GDP Constant,GFCE,3.101,76.11
2020-09-30,GDP Constant,GFCF,10.76,76.11
2020-09-30,GDP Constant,CIS,0.042,76.11
2020-09-30,GDP Constant,Valuables,0.524,76.11
2020-09-30,GDP Constant,Exports,6.609,76.11
2020-09-30,GDP Constant,Imports,-6.897,76.11
2020-09-30,GDP Constant,Discrepancies,0.755,76.11
2020-09-30,GDP Constant,GDP,33.467,76.11
2020-09-30,GDP Current,PFCE,28.751,76.11
2020-09-30,GDP Current,GFCE,4.817,76.11
2020-09-30,GDP Current,GFCF,13.23,76.11
2020-09-30,GDP Current,CIS,0.068,76.11
2020-09-30,GDP Current,Valuables,0.69,76.11
2020-09-30,GDP Current,Exports,9.296,76.11
2020-09-30,GDP Current,Imports,-8.79,76.11
2020-09-30,GDP Current,Discrepancies ,-0.734,76.11
2020-09-30,GDP Current,GDP,47.329,76.11
2020-09-30,GVA Constant,Agriculture,4.003,76.11
2020-09-30,GVA Constant,Mining,0.586,76.11
2020-09-30,GVA Constant,Manufacturing,6.13,76.11
2020-09-30,GVA Constant,Electricity & Utilities,0.745,76.11
2020-09-30,GVA Constant,Construction,2.3,76.11
2020-09-30,GVA Constant,"Trade Hotal, Comm",5.191,76.11
2020-09-30,GVA Constant,Financial Services,8.14,76.11
2020-09-30,GVA Constant,Defense Etc,3.834,76.11
2020-09-30,GVA Constant,GVA,30.928,76.11
2020-09-30,GVA Constant,Net Taxes,2.539,76.11
2020-09-30,GVA Current,Agriculture,7.139,76.11
2020-09-30,GVA Current,Mining,0.623,76.11
2020-09-30,GVA Current,Manufacturing,7.227,76.11
2020-09-30,GVA Current,Electricity & Utilities,1.222,76.11
2020-09-30,GVA Current,Construction,3.003,76.11
2020-09-30,GVA Current,"Trade Hotal, Comm",6.776,76.11
2020-09-30,GVA Current,Financial Services,10.905,76.11
2020-09-30,GVA Current,Defense Etc,6.244,76.11
2020-09-30,GVA Current,GVA,43.138,76.11
2020-09-30,GVA Current,Net Taxes,4.191,76.11
2020-12-31,GDP Constant,PFCE,21.889,76.11
2020-12-31,GDP Constant,GFCE,3.313,76.11
2020-12-31,GDP Constant,GFCF,11.648,76.11
2020-12-31,GDP Constant,CIS,0.042,76.11
2020-12-31,GDP Constant,Valuables,0.509,76.11
2020-12-31,GDP Constant,Exports,6.464,76.11
2020-12-31,GDP Constant,Imports,-7.665,76.11
2020-12-31,GDP Constant,Discrepancies,0.406,76.11
2020-12-31,GDP Constant,GDP,36.606,76.11
2020-12-31,GDP Current,PFCE,34.759,76.11
2020-12-31,GDP Current,GFCE,5.26,76.11
2020-12-31,GDP Current,GFCF,14.746,76.11
2020-12-31,GDP Current,CIS,0.069,76.11
2020-12-31,GDP Current,Valuables,0.664,76.11
2020-12-31,GDP Current,Exports,9.598,76.11
2020-12-31,GDP Current,Imports,-10.385,76.11
2020-12-31,GDP Current,Discrepancies ,-0.132,76.11
2020-12-31,GDP Current,GDP,54.579,76.11
2020-12-31,GVA Constant,Agriculture,6.539,76.11
2020-12-31,GVA Constant,Mining,0.72,76.11
2020-12-31,GVA Constant,Manufacturing,6.137,76.11
2020-12-31,GVA Constant,Electricity & Utilities,0.711,76.11
2020-12-31,GVA Constant,Construction,2.806,76.11
2020-12-31,GVA Constant,"Trade Hotal, Comm",5.983,76.11
2020-12-31,GVA Constant,Financial Services,6.762,76.11
2020-12-31,GVA Constant,Defense Etc,4.267,76.11
2020-12-31,GVA Constant,GVA,33.925,76.11
2020-12-31,GVA Constant,Net Taxes,2.68,76.11
2020-12-31,GVA Current,Agriculture,12.068,76.11
2020-12-31,GVA Current,Mining,0.764,76.11
2020-12-31,GVA Current,Manufacturing,7.378,76.11
2020-12-31,GVA Current,Electricity & Utilities,1.277,76.11
2020-12-31,GVA Current,Construction,3.784,76.11
2020-12-31,GVA Current,"Trade Hotal, Comm",7.976,76.11
2020-12-31,GVA Current,Financial Services,9.411,76.11
2020-12-31,GVA Current,Defense Etc,6.903,76.11
2020-12-31,GVA Current,GVA,49.56,76.11
2020-12-31,GVA Current,Net Taxes,5.019,76.11
2021-03-31,GDP Constant,PFCE,22.293,76.11
2021-03-31,GDP Constant,GFCE,4.242,76.11
2021-03-31,GDP Constant,GFCF,13.455,76.11
2021-03-31,GDP Constant,CIS,0.048,76.11
2021-03-31,GDP Constant,Valuables,1.009,76.11
2021-03-31,GDP Constant,Exports,7.258,76.11
2021-03-31,GDP Constant,Imports,-8.937,76.11
2021-03-31,GDP Constant,Discrepancies,0.19,76.11
2021-03-31,GDP Constant,GDP,39.558,76.11
2021-03-31,GDP Current,PFCE,34.535,76.11
2021-03-31,GDP Current,GFCE,6.712,76.11
2021-03-31,GDP Current,GFCF,17.915,76.11
2021-03-31,GDP Current,CIS,0.082,76.11
2021-03-31,GDP Current,Valuables,1.316,76.11
2021-03-31,GDP Current,Exports,10.7,76.11
2021-03-31,GDP Current,Imports,-11.97,76.11
2021-03-31,GDP Current,Discrepancies ,-1.709,76.11
2021-03-31,GDP Current,GDP,57.581,76.11
2021-03-31,GVA Constant,Agriculture,5.532,76.11
2021-03-31,GVA Constant,Mining,0.919,76.11
2021-03-31,GVA Constant,Manufacturing,7.021,76.11
2021-03-31,GVA Constant,Electricity & Utilities,0.748,76.11
2021-03-31,GVA Constant,Construction,3.383,76.11
2021-03-31,GVA Constant,"Trade Hotal, Comm",7.076,76.11
2021-03-31,GVA Constant,Financial Services,6.79,76.11
2021-03-31,GVA Constant,Defense Etc,4.495,76.11
2021-03-31,GVA Constant,GVA,35.962,76.11
2021-03-31,GVA Constant,Net Taxes,3.596,76.11
2021-03-31,GVA Current,Agriculture,9.728,76.11
2021-03-31,GVA Current,Mining,1.136,76.11
2021-03-31,GVA Current,Manufacturing,8.762,76.11
2021-03-31,GVA Current,Electricity & Utilities,1.369,76.11
2021-03-31,GVA Current,Construction,4.898,76.11
2021-03-31,GVA Current,"Trade Hotal, Comm",9.676,76.11
2021-03-31,GVA Current,Financial Services,9.657,76.11
2021-03-31,GVA Current,Defense Etc,7.171,76.11
2021-03-31,GVA Current,GVA,52.396,76.11
2021-03-31,GVA Current,Net Taxes,5.185,76.11
2021-06-30,GDP Constant,PFCE,18.221,76.11
2021-06-30,GDP Constant,GFCE,4.038,76.11
2021-06-30,GDP Constant,GFCF,10.778,76.11
2021-06-30,GDP Constant,CIS,0.289,76.11
2021-06-30,GDP Constant,Valuables,0.22,76.11
2021-06-30,GDP Constant,Exports,7.65,76.11
2021-06-30,GDP Constant,Imports,-7.494,76.11
2021-06-30,GDP Constant,Discrepancies,-0.593,76.11
2021-06-30,GDP Constant,GDP,33.11,76.11
2021-06-30,GDP Current,PFCE,29.354,76.11
2021-06-30,GDP Current,GFCE,6.512,76.11
2021-06-30,GDP Current,GFCF,14.415,76.11
2021-06-30,GDP Current,CIS,0.369,76.11
2021-06-30,GDP Current,Valuables,0.301,76.11
2021-06-30,GDP Current,Exports,11.231,76.11
2021-06-30,GDP Current,Imports,-11.615,76.11
2021-06-30,GDP Current,Discrepancies ,0.672,76.11
2021-06-30,GDP Current,GDP,51.238,76.11
2021-06-30,GVA Constant,Agriculture,4.85,76.11
2021-06-30,GVA Constant,Mining,0.756,76.11
2021-06-30,GVA Constant,Manufacturing,6.01,76.11
2021-06-30,GVA Constant,Electricity & Utilities,0.784,76.11
2021-06-30,GVA Constant,Construction,2.384,76.11
2021-06-30,GVA Constant,"Trade Hotal, Comm",4.731,76.11
2021-06-30,GVA Constant,Financial Services,8.122,76.11
2021-06-30,GVA Constant,Defense Etc,3.626,76.11
2021-06-30,GVA Constant,GVA,31.263,76.11
2021-06-30,GVA Constant,Net Taxes,1.848,76.11
2021-06-30,GVA Current,Agriculture,8.728,76.11
2021-06-30,GVA Current,Mining,0.91,76.11
2021-06-30,GVA Current,Manufacturing,7.662,76.11
2021-06-30,GVA Current,Electricity & Utilities,1.233,76.11
2021-06-30,GVA Current,Construction,3.51,76.11
2021-06-30,GVA Current,"Trade Hotal, Comm",6.62,76.11
2021-06-30,GVA Current,Financial Services,11.685,76.11
2021-06-30,GVA Current,Defense Etc,6.587,76.11
2021-06-30,GVA Current,GVA,46.936,76.11
2021-06-30,GVA Current,Net Taxes,4.303,76.11
2021-09-30,GDP Constant,PFCE,21.218,76.11
2021-09-30,GDP Constant,GFCE,3.465,76.11
2021-09-30,GDP Constant,GFCF,12.096,76.11
2021-09-30,GDP Constant,CIS,0.314,76.11
2021-09-30,GDP Constant,Valuables,1.344,76.11
2021-09-30,GDP Constant,Exports,8.267,76.11
2021-09-30,GDP Constant,Imports,-8.73,76.11
2021-09-30,GDP Constant,Discrepancies,-1.458,76.11
2021-09-30,GDP Constant,GDP,36.517,76.11
2021-09-30,GDP Current,PFCE,34.298,76.11
2021-09-30,GDP Current,GFCE,5.716,76.11
2021-09-30,GDP Current,GFCF,16.421,76.11
2021-09-30,GDP Current,CIS,0.407,76.11
2021-09-30,GDP Current,Valuables,1.801,76.11
2021-09-30,GDP Current,Exports,12.199,76.11
2021-09-30,GDP Current,Imports,-13.619,76.11
2021-09-30,GDP Current,Discrepancies ,-1.185,76.11
2021-09-30,GDP Current,GDP,56.038,76.11
2021-09-30,GVA Constant,Agriculture,4.197,76.11
2021-09-30,GVA Constant,Mining,0.649,76.11
2021-09-30,GVA Constant,Manufacturing,6.531,76.11
2021-09-30,GVA Constant,Electricity & Utilities,0.825,76.11
2021-09-30,GVA Constant,Construction,2.548,76.11
2021-09-30,GVA Constant,"Trade Hotal, Comm",5.872,76.11
2021-09-30,GVA Constant,Financial Services,8.713,76.11
2021-09-30,GVA Constant,Defense Etc,4.478,76.11
2021-09-30,GVA Constant,GVA,33.813,76.11
2021-09-30,GVA Constant,Net Taxes,2.703,76.11
2021-09-30,GVA Current,Agriculture,7.713,76.11
2021-09-30,GVA Current,Mining,0.837,76.11
2021-09-30,GVA Current,Manufacturing,8.465,76.11
2021-09-30,GVA Current,Electricity & Utilities,1.324,76.11
2021-09-30,GVA Current,Construction,3.826,76.11
2021-09-30,GVA Current,"Trade Hotal, Comm",8.39,76.11
2021-09-30,GVA Current,Financial Services,12.724,76.11
2021-09-30,GVA Current,Defense Etc,7.669,76.11
2021-09-30,GVA Current,GVA,50.95,76.11
2021-09-30,GVA Current,Net Taxes,5.089,76.11
2021-12-31,GDP Constant,PFCE,24.261,76.11
2021-12-31,GDP Constant,GFCE,3.506,76.11
2021-12-31,GDP Constant,GFCF,11.792,76.11
2021-12-31,GDP Constant,CIS,0.299,76.11
2021-12-31,GDP Constant,Valuables,0.736,76.11
2021-12-31,GDP Constant,Exports,8.259,76.11
2021-12-31,GDP Constant,Imports,-9.172,76.11
2021-12-31,GDP Constant,Discrepancies,-1.174,76.11
2021-12-31,GDP Constant,GDP,38.508,76.11
2021-12-31,GDP Current,PFCE,40.593,76.11
2021-12-31,GDP Current,GFCE,5.943,76.11
2021-12-31,GDP Current,GFCF,16.588,76.11
2021-12-31,GDP Current,CIS,0.397,76.11
2021-12-31,GDP Current,Valuables,1.002,76.11
2021-12-31,GDP Current,Exports,13.061,76.11
2021-12-31,GDP Current,Imports,-15.466,76.11
2021-12-31,GDP Current,Discrepancies ,0.268,76.11
2021-12-31,GDP Current,GDP,62.386,76.11
2021-12-31,GVA Constant,Agriculture,6.688,76.11
2021-12-31,GVA Constant,Mining,0.759,76.11
2021-12-31,GVA Constant,Manufacturing,6.219,76.11
2021-12-31,GVA Constant,Electricity & Utilities,0.753,76.11
2021-12-31,GVA Constant,Construction,2.813,76.11
2021-12-31,GVA Constant,"Trade Hotal, Comm",6.532,76.11
2021-12-31,GVA Constant,Financial Services,7.05,76.11
2021-12-31,GVA Constant,Defense Etc,4.719,76.11
2021-12-31,GVA Constant,GVA,35.535,76.11
2021-12-31,GVA Constant,Net Taxes,2.973,76.11
2021-12-31,GVA Current,Agriculture,13.089,76.11
2021-12-31,GVA Current,Mining,1.084,76.11
2021-12-31,GVA Current,Manufacturing,8.252,76.11
2021-12-31,GVA Current,Electricity & Utilities,1.444,76.11
2021-12-31,GVA Current,Construction,4.365,76.11
2021-12-31,GVA Current,"Trade Hotal, Comm",9.736,76.11
2021-12-31,GVA Current,Financial Services,10.732,76.11
2021-12-31,GVA Current,Defense Etc,8.064,76.11
2021-12-31,GVA Current,GVA,56.767,76.11
2021-12-31,GVA Current,Net Taxes,5.619,76.11
2022-03-31,GDP Constant,PFCE,23.335,76.11
2022-03-31,GDP Constant,GFCE,4.744,76.11
2022-03-31,GDP Constant,GFCF,14.121,76.11
2022-03-31,GDP Constant,CIS,0.34,76.11
2022-03-31,GDP Constant,Valuables,0.488,76.11
2022-03-31,GDP Constant,Exports,8.881,76.11
2022-03-31,GDP Constant,Imports,-9.537,76.11
2022-03-31,GDP Constant,Discrepancies,-1.248,76.11
2022-03-31,GDP Constant,GDP,41.124,76.11
2022-03-31,GDP Current,PFCE,39.198,76.11
2022-03-31,GDP Current,GFCE,8.083,76.11
2022-03-31,GDP Current,GFCF,20.44,76.11
2022-03-31,GDP Current,CIS,0.461,76.11
2022-03-31,GDP Current,Valuables,0.688,76.11
2022-03-31,GDP Current,Exports,14.005,76.11
2022-03-31,GDP Current,Imports,-15.99,76.11
2022-03-31,GDP Current,Discrepancies ,-1.837,76.11
2022-03-31,GDP Current,GDP,65.048,76.11
2022-03-31,GVA Constant,Agriculture,5.756,76.11
2022-03-31,GVA Constant,Mining,0.94,76.11
2022-03-31,GVA Constant,Manufacturing,7.064,76.11
2022-03-31,GVA Constant,Electricity & Utilities,0.798,76.11
2022-03-31,GVA Constant,Construction,3.549,76.11
2022-03-31,GVA Constant,"Trade Hotal, Comm",7.429,76.11
2022-03-31,GVA Constant,Financial Services,7.103,76.11
2022-03-31,GVA Constant,Defense Etc,4.729,76.11
2022-03-31,GVA Constant,GVA,37.369,76.11
2022-03-31,GVA Constant,Net Taxes,3.754,76.11
2022-03-31,GVA Current,Agriculture,11.136,76.11
2022-03-31,GVA Current,Mining,1.462,76.11
2022-03-31,GVA Current,Manufacturing,9.588,76.11
2022-03-31,GVA Current,Electricity & Utilities,1.555,76.11
2022-03-31,GVA Current,Construction,5.674,76.11
2022-03-31,GVA Current,"Trade Hotal, Comm",11.374,76.11
2022-03-31,GVA Current,Financial Services,10.982,76.11
2022-03-31,GVA Current,Defense Etc,7.967,76.11
2022-03-31,GVA Current,GVA,59.737,76.11
2022-03-31,GVA Current,Net Taxes,5.311,76.11
2022-06-30,GDP Constant,PFCE,21.824,78.94
2022-06-30,GDP Constant,GFCE,4.112,78.94
2022-06-30,GDP Constant,GFCF,12.976,78.94
2022-06-30,GDP Constant,CIS,0.31,78.94
2022-06-30,GDP Constant,Valuables,0.35,78.94
2022-06-30,GDP Constant,Exports,9.151,78.94
2022-06-30,GDP Constant,Imports,-10.016,78.94
2022-06-30,GDP Constant,Discrepancies,-1.265,78.94
2022-06-30,GDP Constant,GDP,37.443,78.94
2022-06-30,GDP Current,PFCE,38.7,78.94
2022-06-30,GDP Current,GFCE,7.255,78.94
2022-06-30,GDP Current,GFCF,19.018,78.94
2022-06-30,GDP Current,CIS,0.449,78.94
2022-06-30,GDP Current,Valuables,0.498,78.94
2022-06-30,GDP Current,Exports,15.211,78.94
2022-06-30,GDP Current,Imports,-17.695,78.94
2022-06-30,GDP Current,Discrepancies ,1.983,78.94
2022-06-30,GDP Current,GDP,65.419,78.94
2022-06-30,GVA Constant,Agriculture,4.965,78.94
2022-06-30,GVA Constant,Mining,0.828,78.94
2022-06-30,GVA Constant,Manufacturing,6.375,78.94
2022-06-30,GVA Constant,Electricity & Utilities,0.901,78.94
2022-06-30,GVA Constant,Construction,2.766,78.94
2022-06-30,GVA Constant,"Trade Hotal, Comm",5.948,78.94
2022-06-30,GVA Constant,Financial Services,8.816,78.94
2022-06-30,GVA Constant,Defense Etc,4.398,78.94
2022-06-30,GVA Constant,GVA,34.998,78.94
2022-06-30,GVA Constant,Net Taxes,2.444,78.94
2022-06-30,GVA Current,Agriculture,10.151,78.94
2022-06-30,GVA Current,Mining,1.547,78.94
2022-06-30,GVA Current,Manufacturing,8.983,78.94
2022-06-30,GVA Current,Electricity & Utilities,1.729,78.94
2022-06-30,GVA Current,Construction,4.657,78.94
2022-06-30,GVA Current,"Trade Hotal, Comm",9.545,78.94
2022-06-30,GVA Current,Financial Services,14.045,78.94
2022-06-30,GVA Current,Defense Etc,8.439,78.94
2022-06-30,GVA Current,GVA,59.096,78.94
2022-06-30,GVA Current,Net Taxes,6.323,78.94
2022-09-30,GDP Constant,PFCE,22.981,81.55
2022-09-30,GDP Constant,GFCE,3.324,81.55
2022-09-30,GDP Constant,GFCF,13.256,81.55
2022-09-30,GDP Constant,CIS,0.306,81.55
2022-09-30,GDP Constant,Valuables,1.082,81.55
2022-09-30,GDP Constant,Exports,9.279,81.55
2022-09-30,GDP Constant,Imports,-10.745,81.55
2022-09-30,GDP Constant,Discrepancies,-0.703,81.55
2022-09-30,GDP Constant,GDP,38.78,81.55
2022-09-30,GDP Current,PFCE,40.377,81.55
2022-09-30,GDP Current,GFCE,5.94,81.55
2022-09-30,GDP Current,GFCF,19.084,81.55
2022-09-30,GDP Current,CIS,0.437,81.55
2022-09-30,GDP Current,Valuables,1.569,81.55
2022-09-30,GDP Current,Exports,15.171,81.55
2022-09-30,GDP Current,Imports,-18.677,81.55
2022-09-30,GDP Current,Discrepancies ,1.769,81.55
2022-09-30,GDP Current,GDP,65.669,81.55
2022-09-30,GVA Constant,Agriculture,4.301,81.55
2022-09-30,GVA Constant,Mining,0.648,81.55
2022-09-30,GVA Constant,Manufacturing,6.281,81.55
2022-09-30,GVA Constant,Electricity & Utilities,0.874,81.55
2022-09-30,GVA Constant,Construction,2.692,81.55
2022-09-30,GVA Constant,"Trade Hotal, Comm",6.789,81.55
2022-09-30,GVA Constant,Financial Services,9.329,81.55
2022-09-30,GVA Constant,Defense Etc,4.728,81.55
2022-09-30,GVA Constant,GVA,35.643,81.55
2022-09-30,GVA Constant,Net Taxes,3.137,81.55
2022-09-30,GVA Current,Agriculture,8.765,81.55
2022-09-30,GVA Current,Mining,1.182,81.55
2022-09-30,GVA Current,Manufacturing,8.748,81.55
2022-09-30,GVA Current,Electricity & Utilities,1.804,81.55
2022-09-30,GVA Current,Construction,4.388,81.55
2022-09-30,GVA Current,"Trade Hotal, Comm",10.808,81.55
2022-09-30,GVA Current,Financial Services,14.819,81.55
2022-09-30,GVA Current,Defense Etc,8.616,81.55
2022-09-30,GVA Current,GVA,59.129,81.55
2022-09-30,GVA Current,Net Taxes,6.541,81.55
2022-12-31,GDP Constant,PFCE,24.787,82.79
2022-12-31,GDP Constant,GFCE,3.483,82.79
2022-12-31,GDP Constant,GFCF,12.735,82.79
2022-12-31,GDP Constant,CIS,0.299,82.79
2022-12-31,GDP Constant,Valuables,0.456,82.79
2022-12-31,GDP Constant,Exports,9.175,82.79
2022-12-31,GDP Constant,Imports,-10.15,82.79
2022-12-31,GDP Constant,Discrepancies,-0.558,82.79
2022-12-31,GDP Constant,GDP,40.226,82.79
2022-12-31,GDP Current,PFCE,43.936,82.79
2022-12-31,GDP Current,GFCE,6.273,82.79
2022-12-31,GDP Current,GFCF,18.547,82.79
2022-12-31,GDP Current,CIS,0.423,82.79
2022-12-31,GDP Current,Valuables,0.673,82.79
2022-12-31,GDP Current,Exports,15.396,82.79
2022-12-31,GDP Current,Imports,-18.205,82.79
2022-12-31,GDP Current,Discrepancies ,2.459,82.79
2022-12-31,GDP Current,GDP,69.501,82.79
2022-12-31,GVA Constant,Agriculture,7.005,82.79
2022-12-31,GVA Constant,Mining,0.79,82.79
2022-12-31,GVA Constant,Manufacturing,6.132,82.79
2022-12-31,GVA Constant,Electricity & Utilities,0.815,82.79
2022-12-31,GVA Constant,Construction,3.047,82.79
2022-12-31,GVA Constant,"Trade Hotal, Comm",7.162,82.79
2022-12-31,GVA Constant,Financial Services,7.45,82.79
2022-12-31,GVA Constant,Defense Etc,4.814,82.79
2022-12-31,GVA Constant,GVA,37.216,82.79
2022-12-31,GVA Constant,Net Taxes,3.01,82.79
2022-12-31,GVA Current,Agriculture,14.373,82.79
2022-12-31,GVA Current,Mining,1.407,82.79
2022-12-31,GVA Current,Manufacturing,8.455,82.79
2022-12-31,GVA Current,Electricity & Utilities,1.918,82.79
2022-12-31,GVA Current,Construction,4.887,82.79
2022-12-31,GVA Current,"Trade Hotal, Comm",11.336,82.79
2022-12-31,GVA Current,Financial Services,11.945,82.79
2022-12-31,GVA Current,Defense Etc,8.699,82.79
2022-12-31,GVA Current,GVA,63.02,82.79
2022-12-31,GVA Current,Net Taxes,6.481,82.79
2023-03-31,GDP Constant,PFCE,23.995,82.22
2023-03-31,GDP Constant,GFCE,4.853,82.22
2023-03-31,GDP Constant,GFCF,15.381,82.22
2023-03-31,GDP Constant,CIS,0.36,82.22
2023-03-31,GDP Constant,Valuables,0.373,82.22
2023-03-31,GDP Constant,Exports,9.94,82.22
2023-03-31,GDP Constant,Imports,-10.003,82.22
2023-03-31,GDP Constant,Discrepancies,-1.284,82.22
2023-03-31,GDP Constant,GDP,43.615,82.22
2023-03-31,GDP Current,PFCE,41.935,82.22
2023-03-31,GDP Current,GFCE,8.725,82.22
2023-03-31,GDP Current,GFCF,22.783,82.22
2023-03-31,GDP Current,CIS,0.509,82.22
2023-03-31,GDP Current,Valuables,0.57,82.22
2023-03-31,GDP Current,Exports,16.296,82.22
2023-03-31,GDP Current,Imports,-17.456,82.22
2023-03-31,GDP Current,Discrepancies ,-1.544,82.22
2023-03-31,GDP Current,GDP,71.817,82.22
2023-03-31,GVA Constant,Agriculture,6.071,82.22
2023-03-31,GVA Constant,Mining,0.981,82.22
2023-03-31,GVA Constant,Manufacturing,7.382,82.22
2023-03-31,GVA Constant,Electricity & Utilities,0.853,82.22
2023-03-31,GVA Constant,Construction,3.918,82.22
2023-03-31,GVA Constant,"Trade Hotal, Comm",8.102,82.22
2023-03-31,GVA Constant,Financial Services,7.608,82.22
2023-03-31,GVA Constant,Defense Etc,4.876,82.22
2023-03-31,GVA Constant,GVA,39.792,82.22
2023-03-31,GVA Constant,Net Taxes,3.824,82.22
2023-03-31,GVA Current,Agriculture,12.286,82.22
2023-03-31,GVA Current,Mining,1.7,82.22
2023-03-31,GVA Current,Manufacturing,10.176,82.22
2023-03-31,GVA Current,Electricity & Utilities,1.965,82.22
2023-03-31,GVA Current,Construction,6.344,82.22
2023-03-31,GVA Current,"Trade Hotal, Comm",12.792,82.22
2023-03-31,GVA Current,Financial Services,12.192,82.22
2023-03-31,GVA Current,Defense Etc,8.728,82.22
2023-03-31,GVA Current,GVA,66.184,82.22
2023-03-31,GVA Current,Net Taxes,5.634,82.22
2023-06-30,GDP Constant,PFCE,23.126,82.04
2023-06-30,GDP Constant,GFCE,4.083,82.04
2023-06-30,GDP Constant,GFCF,14.008,82.04
2023-06-30,GDP Constant,CIS,0.323,82.04
2023-06-30,GDP Constant,Valuables,0.276,82.04
2023-06-30,GDP Constant,Exports,8.443,82.04
2023-06-30,GDP Constant,Imports,-11.027,82.04
2023-06-30,GDP Constant,Discrepancies,1.14,82.04
2023-06-30,GDP Constant,GDP,40.371,82.04
2023-06-30,GDP Current,PFCE,42.207,82.04
2023-06-30,GDP Current,GFCE,7.407,82.04
2023-06-30,GDP Current,GFCF,20.683,82.04
2023-06-30,GDP Current,CIS,0.466,82.04
2023-06-30,GDP Current,Valuables,0.44,82.04
2023-06-30,GDP Current,Exports,15.129,82.04
2023-06-30,GDP Current,Imports,-16.784,82.04
2023-06-30,GDP Current,Discrepancies ,1.117,82.04
2023-06-30,GDP Current,GDP,70.665,82.04
2023-06-30,GVA Constant,Agriculture,5.139,82.04
2023-06-30,GVA Constant,Mining,0.876,82.04
2023-06-30,GVA Constant,Manufacturing,6.678,82.04
2023-06-30,GVA Constant,Electricity & Utilities,0.927,82.04
2023-06-30,GVA Constant,Construction,2.984,82.04
2023-06-30,GVA Constant,"Trade Hotal, Comm",6.496,82.04
2023-06-30,GVA Constant,Financial Services,9.893,82.04
2023-06-30,GVA Constant,Defense Etc,4.747,82.04
2023-06-30,GVA Constant,GVA,37.739,82.04
2023-06-30,GVA Constant,Net Taxes,2.632,82.04
2023-06-30,GVA Current,Agriculture,10.594,82.04
2023-06-30,GVA Current,Mining,1.549,82.04
2023-06-30,GVA Current,Manufacturing,9.157,82.04
2023-06-30,GVA Current,Electricity & Utilities,1.95,82.04
2023-06-30,GVA Current,Construction,4.955,82.04
2023-06-30,GVA Current,"Trade Hotal, Comm",10.282,82.04
2023-06-30,GVA Current,Financial Services,15.748,82.04
2023-06-30,GVA Current,Defense Etc,9.591,82.04
2023-06-30,GVA Current,GVA,63.827,82.04
2023-06-30,GVA Current,Net Taxes,6.839,82.04
2023-09-30,GDP Constant,PFCE,23.701,83.06
2023-09-30,GDP Constant,GFCE,3.735,83.06
2023-09-30,GDP Constant,GFCF,14.719,83.06
2023-09-30,GDP Constant,CIS,0.342,83.06
2023-09-30,GDP Constant,Valuables,1.039,83.06
2023-09-30,GDP Constant,Exports,9.68,83.06
2023-09-30,GDP Constant,Imports,-12.539,83.06
2023-09-30,GDP Constant,Discrepancies,1.066,83.06
2023-09-30,GDP Constant,GDP,41.743,83.06
2023-09-30,GDP Current,PFCE,43.723,83.06
2023-09-30,GDP Current,GFCE,6.989,83.06
2023-09-30,GDP Current,GFCF,21.464,83.06
2023-09-30,GDP Current,CIS,0.49,83.06
2023-09-30,GDP Current,Valuables,1.61,83.06
2023-09-30,GDP Current,Exports,15.709,83.06
2023-09-30,GDP Current,Imports,-17.456,83.06
2023-09-30,GDP Current,Discrepancies ,-0.867,83.06
2023-09-30,GDP Current,GDP,71.662,83.06
2023-09-30,GVA Constant,Agriculture,4.354,83.06
2023-09-30,GVA Constant,Mining,0.712,83.06
2023-09-30,GVA Constant,Manufacturing,7.155,83.06
2023-09-30,GVA Constant,Electricity & Utilities,0.962,83.06
2023-09-30,GVA Constant,Construction,3.049,83.06
2023-09-30,GVA Constant,"Trade Hotal, Comm",7.079,83.06
2023-09-30,GVA Constant,Financial Services,9.89,83.06
2023-09-30,GVA Constant,Defense Etc,5.086,83.06
2023-09-30,GVA Constant,GVA,38.287,83.06
2023-09-30,GVA Constant,Net Taxes,3.456,83.06
2023-09-30,GVA Current,Agriculture,9.399,83.06
2023-09-30,GVA Current,Mining,1.314,83.06
2023-09-30,GVA Current,Manufacturing,9.757,83.06
2023-09-30,GVA Current,Electricity & Utilities,1.963,83.06
2023-09-30,GVA Current,Construction,4.953,83.06
2023-09-30,GVA Current,"Trade Hotal, Comm",11.329,83.06
2023-09-30,GVA Current,Financial Services,15.917,83.06
2023-09-30,GVA Current,Defense Etc,9.823,83.06
2023-09-30,GVA Current,GVA,64.455,83.06
2023-09-30,GVA Current,Net Taxes,7.206,83.06
2023-12-31,GDP Constant,PFCE,25.457,83.12
2023-12-31,GDP Constant,GFCE,4.298,83.12
2023-12-31,GDP Constant,GFCF,15.609,83.12
2023-12-31,GDP Constant,CIS,0.335,83.12
2023-12-31,GDP Constant,Valuables,0.332,83.12
2023-12-31,GDP Constant,Exports,9.973,83.12
2023-12-31,GDP Constant,Imports,-11.365,83.12
2023-12-31,GDP Constant,Discrepancies,0.197,83.12
2023-12-31,GDP Constant,GDP,44.836,83.12
2023-12-31,GDP Current,PFCE,47.291,83.12
2023-12-31,GDP Current,GFCE,8.032,83.12
2023-12-31,GDP Current,GFCF,23.087,83.12
2023-12-31,GDP Current,CIS,0.477,83.12
2023-12-31,GDP Current,Valuables,0.548,83.12
2023-12-31,GDP Current,Exports,16.726,83.12
2023-12-31,GDP Current,Imports,-17.962,83.12
2023-12-31,GDP Current,Discrepancies ,-1.074,83.12
2023-12-31,GDP Current,GDP,77.125,83.12
2023-12-31,GVA Constant,Agriculture,6.628,83.12
2023-12-31,GVA Constant,Mining,0.96,83.12
2023-12-31,GVA Constant,Manufacturing,7.024,83.12
2023-12-31,GVA Constant,Electricity & Utilities,0.92,83.12
2023-12-31,GVA Constant,Construction,3.862,83.12
2023-12-31,GVA Constant,"Trade Hotal, Comm",8.098,83.12
2023-12-31,GVA Constant,Financial Services,8.186,83.12
2023-12-31,GVA Constant,Defense Etc,5.219,83.12
2023-12-31,GVA Constant,GVA,40.898,83.12
2023-12-31,GVA Constant,Net Taxes,3.938,83.12
2023-12-31,GVA Current,Agriculture,14.05,83.12
2023-12-31,GVA Current,Mining,1.656,83.12
2023-12-31,GVA Current,Manufacturing,9.524,83.12
2023-12-31,GVA Current,Electricity & Utilities,2.091,83.12
2023-12-31,GVA Current,Construction,6.153,83.12
2023-12-31,GVA Current,"Trade Hotal, Comm",12.734,83.12
2023-12-31,GVA Current,Financial Services,13.301,83.12
2023-12-31,GVA Current,Defense Etc,9.912,83.12
2023-12-31,GVA Current,GVA,69.42,83.12
2023-12-31,GVA Current,Net Taxes,7.705,83.12
2024-03-31,GDP Constant,PFCE,25.457,83.2
2024-03-31,GDP Constant,GFCE,4.298,83.2
2024-03-31,GDP Constant,GFCF,15.609,83.2
2024-03-31,GDP Constant,CIS,0.335,83.2
2024-03-31,GDP Constant,Valuables,0.332,83.2
2024-03-31,GDP Constant,Exports,9.973,83.2
2024-03-31,GDP Constant,Imports,-11.365,83.2
2024-03-31,GDP Constant,Discrepancies,0.197,83.2
2024-03-31,GDP Constant,GDP,44.836,83.2
2024-03-31,GDP Current,PFCE,47.291,83.2
2024-03-31,GDP Current,GFCE,8.032,83.2
2024-03-31,GDP Current,GFCF,23.087,83.2
2024-03-31,GDP Current,CIS,0.477,83.2
2024-03-31,GDP Current,Valuables,0.548,83.2
2024-03-31,GDP Current,Exports,16.726,83.2
2024-03-31,GDP Current,Imports,-17.962,83.2
2024-03-31,GDP Current,Discrepancies ,-1.074,83.2
2024-03-31,GDP Current,GDP,77.125,83.2
2024-03-31,GVA Constant,Agriculture,6.628,83.2
2024-03-31,GVA Constant,Mining,0.96,83.2
2024-03-31,GVA Constant,Manufacturing,7.024,83.2
2024-03-31,GVA Constant,Electricity & Utilities,0.92,83.2
2024-03-31,GVA Constant,Construction,3.862,83.2
2024-03-31,GVA Constant,"Trade Hotal, Comm",8.098,83.2
2024-03-31,GVA Constant,Financial Services,8.186,83.2
2024-03-31,GVA Constant,Defense Etc,5.219,83.2
2024-03-31,GVA Constant,GVA,40.898,83.2
2024-03-31,GVA Constant,Net Taxes,3.938,83.2
2024-03-31,GVA Current,Agriculture,14.05,83.2
2024-03-31,GVA Current,Mining,1.656,83.2
2024-03-31,GVA Current,Manufacturing,9.524,83.2
2024-03-31,GVA Current,Electricity & Utilities,2.091,83.2
2024-03-31,GVA Current,Construction,6.153,83.2
2024-03-31,GVA Current,"Trade Hotal, Comm",12.734,83.2
2024-03-31,GVA Current,Financial Services,13.301,83.2
2024-03-31,GVA Current,Defense Etc,9.912,83.2
2024-03-31,GVA Current,GVA,69.42,83.2
2024-03-31,GVA Current,Net Taxes,7.705,83.2
